<?xml version="1.0" encoding="utf-8"?>
<GraphicalInterface>
  <P Name="NumRootInports">0</P>
  <P Name="NumRootOutports">0</P>
  <P Name="ParameterArgumentNames"/>
  <P Name="NumModelReferences">0</P>
  <P Name="NumTestPointedSignals">0</P>
  <P Name="NumProvidedFunctions">0</P>
  <P Name="NumRequiredFunctions">0</P>
  <P Name="NumResetEvents">0</P>
  <P Name="HasInitializeEvent">0</P>
  <P Name="HasTerminateEvent">0</P>
  <P Name="IsExportFunctionModel">0</P>
  <P Name="NumParameterArguments">0</P>
  <P Name="NumExternalFileReferences">304</P>
  <ExternalFileReference>
    <P Name="Reference">sm_lib/Joints/6-DOF Joint</P>
    <P Name="Path">$bdroot/6-DOF Joint</P>
    <P Name="SID">2959</P>
    <P Name="Type">LIBRARY_BLOCK</P>
  </ExternalFileReference>
  <ExternalFileReference>
    <P Name="Reference">sm_lib/Frames and
Transforms/Reference
Frame</P>
    <P Name="Path">$bdroot/FOOT1_WOA_1_RIGID/LOWER_LEG_CONNECTOR_RIGID/ReferenceFrame</P>
    <P Name="SID">2970</P>
    <P Name="Type">LIBRARY_BLOCK</P>
  </ExternalFileReference>
  <ExternalFileReference>
    <P Name="Reference">sm_lib/Body Elements/Solid</P>
    <P Name="Path">$bdroot/FOOT1_WOA_1_RIGID/LOWER_LEG_CONNECTOR_RIGID/Solid</P>
    <P Name="SID">2971</P>
    <P Name="Type">LIBRARY_BLOCK</P>
  </ExternalFileReference>
  <ExternalFileReference>
    <P Name="Reference">sm_lib/Frames and
Transforms/Reference
Frame</P>
    <P Name="Path">$bdroot/FOOT1_WOA_1_RIGID/ReferenceFrame</P>
    <P Name="SID">2973</P>
    <P Name="Type">LIBRARY_BLOCK</P>
  </ExternalFileReference>
  <ExternalFileReference>
    <P Name="Reference">sm_lib/Frames and
Transforms/Reference
Frame</P>
    <P Name="Path">$bdroot/FOOT1_WOA_1_RIGID/TARSAL_CONNECTOR_RIGID/ReferenceFrame</P>
    <P Name="SID">2975</P>
    <P Name="Type">LIBRARY_BLOCK</P>
  </ExternalFileReference>
  <ExternalFileReference>
    <P Name="Reference">sm_lib/Body Elements/Solid</P>
    <P Name="Path">$bdroot/FOOT1_WOA_1_RIGID/TARSAL_CONNECTOR_RIGID/Solid</P>
    <P Name="SID">2976</P>
    <P Name="Type">LIBRARY_BLOCK</P>
  </ExternalFileReference>
  <ExternalFileReference>
    <P Name="Reference">sm_lib/Frames and
Transforms/Reference
Frame</P>
    <P Name="Path">$bdroot/FOOT1_WOA_1_RIGID/TARSAL_LINK_RIGID/ReferenceFrame</P>
    <P Name="SID">2979</P>
    <P Name="Type">LIBRARY_BLOCK</P>
  </ExternalFileReference>
  <ExternalFileReference>
    <P Name="Reference">sm_lib/Body Elements/Solid</P>
    <P Name="Path">$bdroot/FOOT1_WOA_1_RIGID/TARSAL_LINK_RIGID/Solid</P>
    <P Name="SID">2980</P>
    <P Name="Type">LIBRARY_BLOCK</P>
  </ExternalFileReference>
  <ExternalFileReference>
    <P Name="Reference">Contact_Forces_Lib/3D/Sphere to Plane Force</P>
    <P Name="Path">$bdroot/FOOT1_WOA_1_RIGID/TARSAL_LINK_RIGID/Sphere to Plane Force</P>
    <P Name="SID">2981</P>
    <P Name="Type">LIBRARY_BLOCK</P>
  </ExternalFileReference>
  <ExternalFileReference>
    <P Name="Reference">Contact_Forces_Lib/3D/Sphere to Plane Force</P>
    <P Name="Path">$bdroot/FOOT1_WOA_1_RIGID/TARSAL_LINK_RIGID/Sphere to Plane Force1</P>
    <P Name="SID">2982</P>
    <P Name="Type">LIBRARY_BLOCK</P>
  </ExternalFileReference>
  <ExternalFileReference>
    <P Name="Reference">Contact_Forces_Lib/3D/Sphere to Plane Force</P>
    <P Name="Path">$bdroot/FOOT1_WOA_1_RIGID/TARSAL_LINK_RIGID/Sphere to Plane Force2</P>
    <P Name="SID">2983</P>
    <P Name="Type">LIBRARY_BLOCK</P>
  </ExternalFileReference>
  <ExternalFileReference>
    <P Name="Reference">Contact_Forces_Lib/3D/Sphere to Plane Force</P>
    <P Name="Path">$bdroot/FOOT1_WOA_1_RIGID/TARSAL_LINK_RIGID/Sphere to Plane Force3</P>
    <P Name="SID">2984</P>
    <P Name="Type">LIBRARY_BLOCK</P>
  </ExternalFileReference>
  <ExternalFileReference>
    <P Name="Reference">sm_lib/Frames and
Transforms/Reference
Frame</P>
    <P Name="Path">$bdroot/FOOT1_WOA_1_RIGID/TOEB_RIGID/ReferenceFrame</P>
    <P Name="SID">2988</P>
    <P Name="Type">LIBRARY_BLOCK</P>
  </ExternalFileReference>
  <ExternalFileReference>
    <P Name="Reference">sm_lib/Body Elements/Solid</P>
    <P Name="Path">$bdroot/FOOT1_WOA_1_RIGID/TOEB_RIGID/Solid</P>
    <P Name="SID">2989</P>
    <P Name="Type">LIBRARY_BLOCK</P>
  </ExternalFileReference>
  <ExternalFileReference>
    <P Name="Reference">Contact_Forces_Lib/3D/Sphere to Plane Force</P>
    <P Name="Path">$bdroot/FOOT1_WOA_1_RIGID/TOEB_RIGID/Sphere to Plane Force</P>
    <P Name="SID">2990</P>
    <P Name="Type">LIBRARY_BLOCK</P>
  </ExternalFileReference>
  <ExternalFileReference>
    <P Name="Reference">Contact_Forces_Lib/3D/Sphere to Plane Force</P>
    <P Name="Path">$bdroot/FOOT1_WOA_1_RIGID/TOEB_RIGID/Sphere to Plane Force1</P>
    <P Name="SID">2991</P>
    <P Name="Type">LIBRARY_BLOCK</P>
  </ExternalFileReference>
  <ExternalFileReference>
    <P Name="Reference">Contact_Forces_Lib/3D/Sphere to Plane Force</P>
    <P Name="Path">$bdroot/FOOT1_WOA_1_RIGID/TOEB_RIGID/Sphere to Plane Force2</P>
    <P Name="SID">2992</P>
    <P Name="Type">LIBRARY_BLOCK</P>
  </ExternalFileReference>
  <ExternalFileReference>
    <P Name="Reference">Contact_Forces_Lib/3D/Sphere to Plane Force</P>
    <P Name="Path">$bdroot/FOOT1_WOA_1_RIGID/TOEB_RIGID/Sphere to Plane Force3</P>
    <P Name="SID">2993</P>
    <P Name="Type">LIBRARY_BLOCK</P>
  </ExternalFileReference>
  <ExternalFileReference>
    <P Name="Reference">Contact_Forces_Lib/3D/Sphere to Plane Force</P>
    <P Name="Path">$bdroot/FOOT1_WOA_1_RIGID/TOEB_RIGID/Sphere to Plane Force4</P>
    <P Name="SID">2994</P>
    <P Name="Type">LIBRARY_BLOCK</P>
  </ExternalFileReference>
  <ExternalFileReference>
    <P Name="Reference">Contact_Forces_Lib/3D/Sphere to Plane Force</P>
    <P Name="Path">$bdroot/FOOT1_WOA_1_RIGID/TOEB_RIGID/Sphere to Plane Force5</P>
    <P Name="SID">2995</P>
    <P Name="Type">LIBRARY_BLOCK</P>
  </ExternalFileReference>
  <ExternalFileReference>
    <P Name="Reference">sm_lib/Frames and
Transforms/Reference
Frame</P>
    <P Name="Path">$bdroot/FOOT1_WOA_1_RIGID/TOE_RIGID/ReferenceFrame</P>
    <P Name="SID">2999</P>
    <P Name="Type">LIBRARY_BLOCK</P>
  </ExternalFileReference>
  <ExternalFileReference>
    <P Name="Reference">sm_lib/Body Elements/Solid</P>
    <P Name="Path">$bdroot/FOOT1_WOA_1_RIGID/TOE_RIGID/Solid</P>
    <P Name="SID">3000</P>
    <P Name="Type">LIBRARY_BLOCK</P>
  </ExternalFileReference>
  <ExternalFileReference>
    <P Name="Reference">Contact_Forces_Lib/3D/Sphere to Plane Force</P>
    <P Name="Path">$bdroot/FOOT1_WOA_1_RIGID/TOE_RIGID/Sphere to Plane Force</P>
    <P Name="SID">3001</P>
    <P Name="Type">LIBRARY_BLOCK</P>
  </ExternalFileReference>
  <ExternalFileReference>
    <P Name="Reference">Contact_Forces_Lib/3D/Sphere to Plane Force</P>
    <P Name="Path">$bdroot/FOOT1_WOA_1_RIGID/TOE_RIGID/Sphere to Plane Force1</P>
    <P Name="SID">3002</P>
    <P Name="Type">LIBRARY_BLOCK</P>
  </ExternalFileReference>
  <ExternalFileReference>
    <P Name="Reference">Contact_Forces_Lib/3D/Sphere to Plane Force</P>
    <P Name="Path">$bdroot/FOOT1_WOA_1_RIGID/TOE_RIGID/Sphere to Plane Force2</P>
    <P Name="SID">3003</P>
    <P Name="Type">LIBRARY_BLOCK</P>
  </ExternalFileReference>
  <ExternalFileReference>
    <P Name="Reference">Contact_Forces_Lib/3D/Sphere to Plane Force</P>
    <P Name="Path">$bdroot/FOOT1_WOA_1_RIGID/TOE_RIGID/Sphere to Plane Force3</P>
    <P Name="SID">3004</P>
    <P Name="Type">LIBRARY_BLOCK</P>
  </ExternalFileReference>
  <ExternalFileReference>
    <P Name="Reference">Contact_Forces_Lib/3D/Sphere to Plane Force</P>
    <P Name="Path">$bdroot/FOOT1_WOA_1_RIGID/TOE_RIGID/Sphere to Plane Force4</P>
    <P Name="SID">3005</P>
    <P Name="Type">LIBRARY_BLOCK</P>
  </ExternalFileReference>
  <ExternalFileReference>
    <P Name="Reference">Contact_Forces_Lib/3D/Sphere to Plane Force</P>
    <P Name="Path">$bdroot/FOOT1_WOA_1_RIGID/TOE_RIGID/Sphere to Plane Force5</P>
    <P Name="SID">3006</P>
    <P Name="Type">LIBRARY_BLOCK</P>
  </ExternalFileReference>
  <ExternalFileReference>
    <P Name="Reference">sm_lib/Frames and
Transforms/Rigid
Transform</P>
    <P Name="Path">$bdroot/FOOT1_WOA_1_RIGID/Transform</P>
    <P Name="SID">3009</P>
    <P Name="Type">LIBRARY_BLOCK</P>
  </ExternalFileReference>
  <ExternalFileReference>
    <P Name="Reference">sm_lib/Frames and
Transforms/Rigid
Transform</P>
    <P Name="Path">$bdroot/FOOT1_WOA_1_RIGID/Transform1</P>
    <P Name="SID">3010</P>
    <P Name="Type">LIBRARY_BLOCK</P>
  </ExternalFileReference>
  <ExternalFileReference>
    <P Name="Reference">sm_lib/Frames and
Transforms/Rigid
Transform</P>
    <P Name="Path">$bdroot/FOOT1_WOA_1_RIGID/Transform2</P>
    <P Name="SID">3011</P>
    <P Name="Type">LIBRARY_BLOCK</P>
  </ExternalFileReference>
  <ExternalFileReference>
    <P Name="Reference">sm_lib/Frames and
Transforms/Rigid
Transform</P>
    <P Name="Path">$bdroot/FOOT1_WOA_1_RIGID/Transform3</P>
    <P Name="SID">3012</P>
    <P Name="Type">LIBRARY_BLOCK</P>
  </ExternalFileReference>
  <ExternalFileReference>
    <P Name="Reference">sm_lib/Frames and
Transforms/Rigid
Transform</P>
    <P Name="Path">$bdroot/FOOT1_WOA_1_RIGID/Transform4</P>
    <P Name="SID">3013</P>
    <P Name="Type">LIBRARY_BLOCK</P>
  </ExternalFileReference>
  <ExternalFileReference>
    <P Name="Reference">sm_lib/Frames and
Transforms/Rigid
Transform</P>
    <P Name="Path">$bdroot/FOOT1_WOA_1_RIGID/Transform5</P>
    <P Name="SID">3014</P>
    <P Name="Type">LIBRARY_BLOCK</P>
  </ExternalFileReference>
  <ExternalFileReference>
    <P Name="Reference">sm_lib/Frames and
Transforms/Reference
Frame</P>
    <P Name="Path">$bdroot/FOOT1_WOA_1_RIGID1/LOWER_LEG_CONNECTOR_RIGID/ReferenceFrame</P>
    <P Name="SID">3019</P>
    <P Name="Type">LIBRARY_BLOCK</P>
  </ExternalFileReference>
  <ExternalFileReference>
    <P Name="Reference">sm_lib/Body Elements/Solid</P>
    <P Name="Path">$bdroot/FOOT1_WOA_1_RIGID1/LOWER_LEG_CONNECTOR_RIGID/Solid</P>
    <P Name="SID">3020</P>
    <P Name="Type">LIBRARY_BLOCK</P>
  </ExternalFileReference>
  <ExternalFileReference>
    <P Name="Reference">sm_lib/Frames and
Transforms/Reference
Frame</P>
    <P Name="Path">$bdroot/FOOT1_WOA_1_RIGID1/ReferenceFrame</P>
    <P Name="SID">3022</P>
    <P Name="Type">LIBRARY_BLOCK</P>
  </ExternalFileReference>
  <ExternalFileReference>
    <P Name="Reference">sm_lib/Frames and
Transforms/Reference
Frame</P>
    <P Name="Path">$bdroot/FOOT1_WOA_1_RIGID1/TARSAL_CONNECTOR_RIGID/ReferenceFrame</P>
    <P Name="SID">3024</P>
    <P Name="Type">LIBRARY_BLOCK</P>
  </ExternalFileReference>
  <ExternalFileReference>
    <P Name="Reference">sm_lib/Body Elements/Solid</P>
    <P Name="Path">$bdroot/FOOT1_WOA_1_RIGID1/TARSAL_CONNECTOR_RIGID/Solid</P>
    <P Name="SID">3025</P>
    <P Name="Type">LIBRARY_BLOCK</P>
  </ExternalFileReference>
  <ExternalFileReference>
    <P Name="Reference">sm_lib/Frames and
Transforms/Reference
Frame</P>
    <P Name="Path">$bdroot/FOOT1_WOA_1_RIGID1/TARSAL_LINK_RIGID/ReferenceFrame</P>
    <P Name="SID">3028</P>
    <P Name="Type">LIBRARY_BLOCK</P>
  </ExternalFileReference>
  <ExternalFileReference>
    <P Name="Reference">sm_lib/Body Elements/Solid</P>
    <P Name="Path">$bdroot/FOOT1_WOA_1_RIGID1/TARSAL_LINK_RIGID/Solid</P>
    <P Name="SID">3029</P>
    <P Name="Type">LIBRARY_BLOCK</P>
  </ExternalFileReference>
  <ExternalFileReference>
    <P Name="Reference">Contact_Forces_Lib/3D/Sphere to Plane Force</P>
    <P Name="Path">$bdroot/FOOT1_WOA_1_RIGID1/TARSAL_LINK_RIGID/Sphere to Plane Force</P>
    <P Name="SID">3030</P>
    <P Name="Type">LIBRARY_BLOCK</P>
  </ExternalFileReference>
  <ExternalFileReference>
    <P Name="Reference">Contact_Forces_Lib/3D/Sphere to Plane Force</P>
    <P Name="Path">$bdroot/FOOT1_WOA_1_RIGID1/TARSAL_LINK_RIGID/Sphere to Plane Force1</P>
    <P Name="SID">3031</P>
    <P Name="Type">LIBRARY_BLOCK</P>
  </ExternalFileReference>
  <ExternalFileReference>
    <P Name="Reference">Contact_Forces_Lib/3D/Sphere to Plane Force</P>
    <P Name="Path">$bdroot/FOOT1_WOA_1_RIGID1/TARSAL_LINK_RIGID/Sphere to Plane Force2</P>
    <P Name="SID">3032</P>
    <P Name="Type">LIBRARY_BLOCK</P>
  </ExternalFileReference>
  <ExternalFileReference>
    <P Name="Reference">Contact_Forces_Lib/3D/Sphere to Plane Force</P>
    <P Name="Path">$bdroot/FOOT1_WOA_1_RIGID1/TARSAL_LINK_RIGID/Sphere to Plane Force3</P>
    <P Name="SID">3033</P>
    <P Name="Type">LIBRARY_BLOCK</P>
  </ExternalFileReference>
  <ExternalFileReference>
    <P Name="Reference">sm_lib/Frames and
Transforms/Reference
Frame</P>
    <P Name="Path">$bdroot/FOOT1_WOA_1_RIGID1/TOEB_RIGID/ReferenceFrame</P>
    <P Name="SID">3037</P>
    <P Name="Type">LIBRARY_BLOCK</P>
  </ExternalFileReference>
  <ExternalFileReference>
    <P Name="Reference">sm_lib/Body Elements/Solid</P>
    <P Name="Path">$bdroot/FOOT1_WOA_1_RIGID1/TOEB_RIGID/Solid</P>
    <P Name="SID">3038</P>
    <P Name="Type">LIBRARY_BLOCK</P>
  </ExternalFileReference>
  <ExternalFileReference>
    <P Name="Reference">Contact_Forces_Lib/3D/Sphere to Plane Force</P>
    <P Name="Path">$bdroot/FOOT1_WOA_1_RIGID1/TOEB_RIGID/Sphere to Plane Force</P>
    <P Name="SID">3039</P>
    <P Name="Type">LIBRARY_BLOCK</P>
  </ExternalFileReference>
  <ExternalFileReference>
    <P Name="Reference">Contact_Forces_Lib/3D/Sphere to Plane Force</P>
    <P Name="Path">$bdroot/FOOT1_WOA_1_RIGID1/TOEB_RIGID/Sphere to Plane Force1</P>
    <P Name="SID">3040</P>
    <P Name="Type">LIBRARY_BLOCK</P>
  </ExternalFileReference>
  <ExternalFileReference>
    <P Name="Reference">Contact_Forces_Lib/3D/Sphere to Plane Force</P>
    <P Name="Path">$bdroot/FOOT1_WOA_1_RIGID1/TOEB_RIGID/Sphere to Plane Force2</P>
    <P Name="SID">3041</P>
    <P Name="Type">LIBRARY_BLOCK</P>
  </ExternalFileReference>
  <ExternalFileReference>
    <P Name="Reference">Contact_Forces_Lib/3D/Sphere to Plane Force</P>
    <P Name="Path">$bdroot/FOOT1_WOA_1_RIGID1/TOEB_RIGID/Sphere to Plane Force3</P>
    <P Name="SID">3042</P>
    <P Name="Type">LIBRARY_BLOCK</P>
  </ExternalFileReference>
  <ExternalFileReference>
    <P Name="Reference">Contact_Forces_Lib/3D/Sphere to Plane Force</P>
    <P Name="Path">$bdroot/FOOT1_WOA_1_RIGID1/TOEB_RIGID/Sphere to Plane Force4</P>
    <P Name="SID">3043</P>
    <P Name="Type">LIBRARY_BLOCK</P>
  </ExternalFileReference>
  <ExternalFileReference>
    <P Name="Reference">Contact_Forces_Lib/3D/Sphere to Plane Force</P>
    <P Name="Path">$bdroot/FOOT1_WOA_1_RIGID1/TOEB_RIGID/Sphere to Plane Force5</P>
    <P Name="SID">3044</P>
    <P Name="Type">LIBRARY_BLOCK</P>
  </ExternalFileReference>
  <ExternalFileReference>
    <P Name="Reference">sm_lib/Frames and
Transforms/Reference
Frame</P>
    <P Name="Path">$bdroot/FOOT1_WOA_1_RIGID1/TOE_RIGID/ReferenceFrame</P>
    <P Name="SID">3048</P>
    <P Name="Type">LIBRARY_BLOCK</P>
  </ExternalFileReference>
  <ExternalFileReference>
    <P Name="Reference">sm_lib/Body Elements/Solid</P>
    <P Name="Path">$bdroot/FOOT1_WOA_1_RIGID1/TOE_RIGID/Solid</P>
    <P Name="SID">3049</P>
    <P Name="Type">LIBRARY_BLOCK</P>
  </ExternalFileReference>
  <ExternalFileReference>
    <P Name="Reference">Contact_Forces_Lib/3D/Sphere to Plane Force</P>
    <P Name="Path">$bdroot/FOOT1_WOA_1_RIGID1/TOE_RIGID/Sphere to Plane Force</P>
    <P Name="SID">3050</P>
    <P Name="Type">LIBRARY_BLOCK</P>
  </ExternalFileReference>
  <ExternalFileReference>
    <P Name="Reference">Contact_Forces_Lib/3D/Sphere to Plane Force</P>
    <P Name="Path">$bdroot/FOOT1_WOA_1_RIGID1/TOE_RIGID/Sphere to Plane Force1</P>
    <P Name="SID">3051</P>
    <P Name="Type">LIBRARY_BLOCK</P>
  </ExternalFileReference>
  <ExternalFileReference>
    <P Name="Reference">Contact_Forces_Lib/3D/Sphere to Plane Force</P>
    <P Name="Path">$bdroot/FOOT1_WOA_1_RIGID1/TOE_RIGID/Sphere to Plane Force2</P>
    <P Name="SID">3052</P>
    <P Name="Type">LIBRARY_BLOCK</P>
  </ExternalFileReference>
  <ExternalFileReference>
    <P Name="Reference">Contact_Forces_Lib/3D/Sphere to Plane Force</P>
    <P Name="Path">$bdroot/FOOT1_WOA_1_RIGID1/TOE_RIGID/Sphere to Plane Force3</P>
    <P Name="SID">3053</P>
    <P Name="Type">LIBRARY_BLOCK</P>
  </ExternalFileReference>
  <ExternalFileReference>
    <P Name="Reference">Contact_Forces_Lib/3D/Sphere to Plane Force</P>
    <P Name="Path">$bdroot/FOOT1_WOA_1_RIGID1/TOE_RIGID/Sphere to Plane Force4</P>
    <P Name="SID">3054</P>
    <P Name="Type">LIBRARY_BLOCK</P>
  </ExternalFileReference>
  <ExternalFileReference>
    <P Name="Reference">Contact_Forces_Lib/3D/Sphere to Plane Force</P>
    <P Name="Path">$bdroot/FOOT1_WOA_1_RIGID1/TOE_RIGID/Sphere to Plane Force5</P>
    <P Name="SID">3055</P>
    <P Name="Type">LIBRARY_BLOCK</P>
  </ExternalFileReference>
  <ExternalFileReference>
    <P Name="Reference">sm_lib/Frames and
Transforms/Rigid
Transform</P>
    <P Name="Path">$bdroot/FOOT1_WOA_1_RIGID1/Transform</P>
    <P Name="SID">3058</P>
    <P Name="Type">LIBRARY_BLOCK</P>
  </ExternalFileReference>
  <ExternalFileReference>
    <P Name="Reference">sm_lib/Frames and
Transforms/Rigid
Transform</P>
    <P Name="Path">$bdroot/FOOT1_WOA_1_RIGID1/Transform1</P>
    <P Name="SID">3059</P>
    <P Name="Type">LIBRARY_BLOCK</P>
  </ExternalFileReference>
  <ExternalFileReference>
    <P Name="Reference">sm_lib/Frames and
Transforms/Rigid
Transform</P>
    <P Name="Path">$bdroot/FOOT1_WOA_1_RIGID1/Transform2</P>
    <P Name="SID">3060</P>
    <P Name="Type">LIBRARY_BLOCK</P>
  </ExternalFileReference>
  <ExternalFileReference>
    <P Name="Reference">sm_lib/Frames and
Transforms/Rigid
Transform</P>
    <P Name="Path">$bdroot/FOOT1_WOA_1_RIGID1/Transform3</P>
    <P Name="SID">3061</P>
    <P Name="Type">LIBRARY_BLOCK</P>
  </ExternalFileReference>
  <ExternalFileReference>
    <P Name="Reference">sm_lib/Frames and
Transforms/Rigid
Transform</P>
    <P Name="Path">$bdroot/FOOT1_WOA_1_RIGID1/Transform4</P>
    <P Name="SID">3062</P>
    <P Name="Type">LIBRARY_BLOCK</P>
  </ExternalFileReference>
  <ExternalFileReference>
    <P Name="Reference">sm_lib/Frames and
Transforms/Rigid
Transform</P>
    <P Name="Path">$bdroot/FOOT1_WOA_1_RIGID1/Transform5</P>
    <P Name="SID">3063</P>
    <P Name="Type">LIBRARY_BLOCK</P>
  </ExternalFileReference>
  <ExternalFileReference>
    <P Name="Reference">sm_lib/Frames and
Transforms/Reference
Frame</P>
    <P Name="Path">$bdroot/LOWER_LEG_WOA_1_RIGID/BALL_BEARING_RIGID/ReferenceFrame</P>
    <P Name="SID">3068</P>
    <P Name="Type">LIBRARY_BLOCK</P>
  </ExternalFileReference>
  <ExternalFileReference>
    <P Name="Reference">sm_lib/Body Elements/Solid</P>
    <P Name="Path">$bdroot/LOWER_LEG_WOA_1_RIGID/BALL_BEARING_RIGID/Solid</P>
    <P Name="SID">3069</P>
    <P Name="Type">LIBRARY_BLOCK</P>
  </ExternalFileReference>
  <ExternalFileReference>
    <P Name="Reference">sm_lib/Frames and
Transforms/Reference
Frame</P>
    <P Name="Path">$bdroot/LOWER_LEG_WOA_1_RIGID/BALL_BEARING_RIGID1/ReferenceFrame</P>
    <P Name="SID">3072</P>
    <P Name="Type">LIBRARY_BLOCK</P>
  </ExternalFileReference>
  <ExternalFileReference>
    <P Name="Reference">sm_lib/Body Elements/Solid</P>
    <P Name="Path">$bdroot/LOWER_LEG_WOA_1_RIGID/BALL_BEARING_RIGID1/Solid</P>
    <P Name="SID">3073</P>
    <P Name="Type">LIBRARY_BLOCK</P>
  </ExternalFileReference>
  <ExternalFileReference>
    <P Name="Reference">sm_lib/Frames and
Transforms/Reference
Frame</P>
    <P Name="Path">$bdroot/LOWER_LEG_WOA_1_RIGID/KNEE_AXLE_RIGID/ReferenceFrame</P>
    <P Name="SID">3076</P>
    <P Name="Type">LIBRARY_BLOCK</P>
  </ExternalFileReference>
  <ExternalFileReference>
    <P Name="Reference">sm_lib/Body Elements/Solid</P>
    <P Name="Path">$bdroot/LOWER_LEG_WOA_1_RIGID/KNEE_AXLE_RIGID/Solid</P>
    <P Name="SID">3077</P>
    <P Name="Type">LIBRARY_BLOCK</P>
  </ExternalFileReference>
  <ExternalFileReference>
    <P Name="Reference">sm_lib/Frames and
Transforms/Reference
Frame</P>
    <P Name="Path">$bdroot/LOWER_LEG_WOA_1_RIGID/MOTOR_CONNECTOR_RIGID/ReferenceFrame</P>
    <P Name="SID">3080</P>
    <P Name="Type">LIBRARY_BLOCK</P>
  </ExternalFileReference>
  <ExternalFileReference>
    <P Name="Reference">sm_lib/Body Elements/Solid</P>
    <P Name="Path">$bdroot/LOWER_LEG_WOA_1_RIGID/MOTOR_CONNECTOR_RIGID/Solid</P>
    <P Name="SID">3081</P>
    <P Name="Type">LIBRARY_BLOCK</P>
  </ExternalFileReference>
  <ExternalFileReference>
    <P Name="Reference">sm_lib/Frames and
Transforms/Reference
Frame</P>
    <P Name="Path">$bdroot/LOWER_LEG_WOA_1_RIGID/MOTOR_CONNECTOR_RIGID1/ReferenceFrame</P>
    <P Name="SID">3084</P>
    <P Name="Type">LIBRARY_BLOCK</P>
  </ExternalFileReference>
  <ExternalFileReference>
    <P Name="Reference">sm_lib/Body Elements/Solid</P>
    <P Name="Path">$bdroot/LOWER_LEG_WOA_1_RIGID/MOTOR_CONNECTOR_RIGID1/Solid</P>
    <P Name="SID">3085</P>
    <P Name="Type">LIBRARY_BLOCK</P>
  </ExternalFileReference>
  <ExternalFileReference>
    <P Name="Reference">sm_lib/Frames and
Transforms/Reference
Frame</P>
    <P Name="Path">$bdroot/LOWER_LEG_WOA_1_RIGID/PRIMARY_LINK_RIGID/ReferenceFrame</P>
    <P Name="SID">3088</P>
    <P Name="Type">LIBRARY_BLOCK</P>
  </ExternalFileReference>
  <ExternalFileReference>
    <P Name="Reference">sm_lib/Body Elements/Solid</P>
    <P Name="Path">$bdroot/LOWER_LEG_WOA_1_RIGID/PRIMARY_LINK_RIGID/Solid</P>
    <P Name="SID">3089</P>
    <P Name="Type">LIBRARY_BLOCK</P>
  </ExternalFileReference>
  <ExternalFileReference>
    <P Name="Reference">sm_lib/Frames and
Transforms/Reference
Frame</P>
    <P Name="Path">$bdroot/LOWER_LEG_WOA_1_RIGID/PRIMARY_LINK_RIGID1/ReferenceFrame</P>
    <P Name="SID">3092</P>
    <P Name="Type">LIBRARY_BLOCK</P>
  </ExternalFileReference>
  <ExternalFileReference>
    <P Name="Reference">sm_lib/Body Elements/Solid</P>
    <P Name="Path">$bdroot/LOWER_LEG_WOA_1_RIGID/PRIMARY_LINK_RIGID1/Solid</P>
    <P Name="SID">3093</P>
    <P Name="Type">LIBRARY_BLOCK</P>
  </ExternalFileReference>
  <ExternalFileReference>
    <P Name="Reference">sm_lib/Frames and
Transforms/Reference
Frame</P>
    <P Name="Path">$bdroot/LOWER_LEG_WOA_1_RIGID/ReferenceFrame</P>
    <P Name="SID">3095</P>
    <P Name="Type">LIBRARY_BLOCK</P>
  </ExternalFileReference>
  <ExternalFileReference>
    <P Name="Reference">sm_lib/Frames and
Transforms/Reference
Frame</P>
    <P Name="Path">$bdroot/LOWER_LEG_WOA_1_RIGID/SERVO_RIGID/ReferenceFrame</P>
    <P Name="SID">3097</P>
    <P Name="Type">LIBRARY_BLOCK</P>
  </ExternalFileReference>
  <ExternalFileReference>
    <P Name="Reference">sm_lib/Body Elements/Solid</P>
    <P Name="Path">$bdroot/LOWER_LEG_WOA_1_RIGID/SERVO_RIGID/Solid</P>
    <P Name="SID">3098</P>
    <P Name="Type">LIBRARY_BLOCK</P>
  </ExternalFileReference>
  <ExternalFileReference>
    <P Name="Reference">sm_lib/Frames and
Transforms/Reference
Frame</P>
    <P Name="Path">$bdroot/LOWER_LEG_WOA_1_RIGID/SERVO_RIGID1/ReferenceFrame</P>
    <P Name="SID">3101</P>
    <P Name="Type">LIBRARY_BLOCK</P>
  </ExternalFileReference>
  <ExternalFileReference>
    <P Name="Reference">sm_lib/Body Elements/Solid</P>
    <P Name="Path">$bdroot/LOWER_LEG_WOA_1_RIGID/SERVO_RIGID1/Solid</P>
    <P Name="SID">3102</P>
    <P Name="Type">LIBRARY_BLOCK</P>
  </ExternalFileReference>
  <ExternalFileReference>
    <P Name="Reference">sm_lib/Frames and
Transforms/Reference
Frame</P>
    <P Name="Path">$bdroot/LOWER_LEG_WOA_1_RIGID/SHAFT_SUPPORT_LINK_RIGID/ReferenceFrame</P>
    <P Name="SID">3105</P>
    <P Name="Type">LIBRARY_BLOCK</P>
  </ExternalFileReference>
  <ExternalFileReference>
    <P Name="Reference">sm_lib/Body Elements/Solid</P>
    <P Name="Path">$bdroot/LOWER_LEG_WOA_1_RIGID/SHAFT_SUPPORT_LINK_RIGID/Solid</P>
    <P Name="SID">3106</P>
    <P Name="Type">LIBRARY_BLOCK</P>
  </ExternalFileReference>
  <ExternalFileReference>
    <P Name="Reference">sm_lib/Frames and
Transforms/Reference
Frame</P>
    <P Name="Path">$bdroot/LOWER_LEG_WOA_1_RIGID/SHAFT_SUPPORT_LINK_RIGID1/ReferenceFrame</P>
    <P Name="SID">3109</P>
    <P Name="Type">LIBRARY_BLOCK</P>
  </ExternalFileReference>
  <ExternalFileReference>
    <P Name="Reference">sm_lib/Body Elements/Solid</P>
    <P Name="Path">$bdroot/LOWER_LEG_WOA_1_RIGID/SHAFT_SUPPORT_LINK_RIGID1/Solid</P>
    <P Name="SID">3110</P>
    <P Name="Type">LIBRARY_BLOCK</P>
  </ExternalFileReference>
  <ExternalFileReference>
    <P Name="Reference">sm_lib/Frames and
Transforms/Rigid
Transform</P>
    <P Name="Path">$bdroot/LOWER_LEG_WOA_1_RIGID/Transform</P>
    <P Name="SID">3112</P>
    <P Name="Type">LIBRARY_BLOCK</P>
  </ExternalFileReference>
  <ExternalFileReference>
    <P Name="Reference">sm_lib/Frames and
Transforms/Rigid
Transform</P>
    <P Name="Path">$bdroot/LOWER_LEG_WOA_1_RIGID/Transform1</P>
    <P Name="SID">3113</P>
    <P Name="Type">LIBRARY_BLOCK</P>
  </ExternalFileReference>
  <ExternalFileReference>
    <P Name="Reference">sm_lib/Frames and
Transforms/Rigid
Transform</P>
    <P Name="Path">$bdroot/LOWER_LEG_WOA_1_RIGID/Transform10</P>
    <P Name="SID">3114</P>
    <P Name="Type">LIBRARY_BLOCK</P>
  </ExternalFileReference>
  <ExternalFileReference>
    <P Name="Reference">sm_lib/Frames and
Transforms/Rigid
Transform</P>
    <P Name="Path">$bdroot/LOWER_LEG_WOA_1_RIGID/Transform11</P>
    <P Name="SID">3115</P>
    <P Name="Type">LIBRARY_BLOCK</P>
  </ExternalFileReference>
  <ExternalFileReference>
    <P Name="Reference">sm_lib/Frames and
Transforms/Rigid
Transform</P>
    <P Name="Path">$bdroot/LOWER_LEG_WOA_1_RIGID/Transform12</P>
    <P Name="SID">3116</P>
    <P Name="Type">LIBRARY_BLOCK</P>
  </ExternalFileReference>
  <ExternalFileReference>
    <P Name="Reference">sm_lib/Frames and
Transforms/Rigid
Transform</P>
    <P Name="Path">$bdroot/LOWER_LEG_WOA_1_RIGID/Transform13</P>
    <P Name="SID">3117</P>
    <P Name="Type">LIBRARY_BLOCK</P>
  </ExternalFileReference>
  <ExternalFileReference>
    <P Name="Reference">sm_lib/Frames and
Transforms/Rigid
Transform</P>
    <P Name="Path">$bdroot/LOWER_LEG_WOA_1_RIGID/Transform14</P>
    <P Name="SID">3118</P>
    <P Name="Type">LIBRARY_BLOCK</P>
  </ExternalFileReference>
  <ExternalFileReference>
    <P Name="Reference">sm_lib/Frames and
Transforms/Rigid
Transform</P>
    <P Name="Path">$bdroot/LOWER_LEG_WOA_1_RIGID/Transform2</P>
    <P Name="SID">3119</P>
    <P Name="Type">LIBRARY_BLOCK</P>
  </ExternalFileReference>
  <ExternalFileReference>
    <P Name="Reference">sm_lib/Frames and
Transforms/Rigid
Transform</P>
    <P Name="Path">$bdroot/LOWER_LEG_WOA_1_RIGID/Transform3</P>
    <P Name="SID">3120</P>
    <P Name="Type">LIBRARY_BLOCK</P>
  </ExternalFileReference>
  <ExternalFileReference>
    <P Name="Reference">sm_lib/Frames and
Transforms/Rigid
Transform</P>
    <P Name="Path">$bdroot/LOWER_LEG_WOA_1_RIGID/Transform4</P>
    <P Name="SID">3121</P>
    <P Name="Type">LIBRARY_BLOCK</P>
  </ExternalFileReference>
  <ExternalFileReference>
    <P Name="Reference">sm_lib/Frames and
Transforms/Rigid
Transform</P>
    <P Name="Path">$bdroot/LOWER_LEG_WOA_1_RIGID/Transform5</P>
    <P Name="SID">3122</P>
    <P Name="Type">LIBRARY_BLOCK</P>
  </ExternalFileReference>
  <ExternalFileReference>
    <P Name="Reference">sm_lib/Frames and
Transforms/Rigid
Transform</P>
    <P Name="Path">$bdroot/LOWER_LEG_WOA_1_RIGID/Transform6</P>
    <P Name="SID">3123</P>
    <P Name="Type">LIBRARY_BLOCK</P>
  </ExternalFileReference>
  <ExternalFileReference>
    <P Name="Reference">sm_lib/Frames and
Transforms/Rigid
Transform</P>
    <P Name="Path">$bdroot/LOWER_LEG_WOA_1_RIGID/Transform7</P>
    <P Name="SID">3124</P>
    <P Name="Type">LIBRARY_BLOCK</P>
  </ExternalFileReference>
  <ExternalFileReference>
    <P Name="Reference">sm_lib/Frames and
Transforms/Rigid
Transform</P>
    <P Name="Path">$bdroot/LOWER_LEG_WOA_1_RIGID/Transform8</P>
    <P Name="SID">3125</P>
    <P Name="Type">LIBRARY_BLOCK</P>
  </ExternalFileReference>
  <ExternalFileReference>
    <P Name="Reference">sm_lib/Frames and
Transforms/Rigid
Transform</P>
    <P Name="Path">$bdroot/LOWER_LEG_WOA_1_RIGID/Transform9</P>
    <P Name="SID">3126</P>
    <P Name="Type">LIBRARY_BLOCK</P>
  </ExternalFileReference>
  <ExternalFileReference>
    <P Name="Reference">sm_lib/Frames and
Transforms/Reference
Frame</P>
    <P Name="Path">$bdroot/LOWER_LEG_WOA_1_RIGID/UNIVERSAL_LINK_A_RIGID/ReferenceFrame</P>
    <P Name="SID">3128</P>
    <P Name="Type">LIBRARY_BLOCK</P>
  </ExternalFileReference>
  <ExternalFileReference>
    <P Name="Reference">sm_lib/Body Elements/Solid</P>
    <P Name="Path">$bdroot/LOWER_LEG_WOA_1_RIGID/UNIVERSAL_LINK_A_RIGID/Solid</P>
    <P Name="SID">3129</P>
    <P Name="Type">LIBRARY_BLOCK</P>
  </ExternalFileReference>
  <ExternalFileReference>
    <P Name="Reference">sm_lib/Frames and
Transforms/Reference
Frame</P>
    <P Name="Path">$bdroot/LOWER_LEG_WOA_1_RIGID/UNIVERSAL_LINK_A_RIGID1/ReferenceFrame</P>
    <P Name="SID">3132</P>
    <P Name="Type">LIBRARY_BLOCK</P>
  </ExternalFileReference>
  <ExternalFileReference>
    <P Name="Reference">sm_lib/Body Elements/Solid</P>
    <P Name="Path">$bdroot/LOWER_LEG_WOA_1_RIGID/UNIVERSAL_LINK_A_RIGID1/Solid</P>
    <P Name="SID">3133</P>
    <P Name="Type">LIBRARY_BLOCK</P>
  </ExternalFileReference>
  <ExternalFileReference>
    <P Name="Reference">sm_lib/Frames and
Transforms/Reference
Frame</P>
    <P Name="Path">$bdroot/LOWER_LEG_WOA_1_RIGID1/BALL_BEARING_RIGID/ReferenceFrame</P>
    <P Name="SID">3139</P>
    <P Name="Type">LIBRARY_BLOCK</P>
  </ExternalFileReference>
  <ExternalFileReference>
    <P Name="Reference">sm_lib/Body Elements/Solid</P>
    <P Name="Path">$bdroot/LOWER_LEG_WOA_1_RIGID1/BALL_BEARING_RIGID/Solid</P>
    <P Name="SID">3140</P>
    <P Name="Type">LIBRARY_BLOCK</P>
  </ExternalFileReference>
  <ExternalFileReference>
    <P Name="Reference">sm_lib/Frames and
Transforms/Reference
Frame</P>
    <P Name="Path">$bdroot/LOWER_LEG_WOA_1_RIGID1/BALL_BEARING_RIGID1/ReferenceFrame</P>
    <P Name="SID">3143</P>
    <P Name="Type">LIBRARY_BLOCK</P>
  </ExternalFileReference>
  <ExternalFileReference>
    <P Name="Reference">sm_lib/Body Elements/Solid</P>
    <P Name="Path">$bdroot/LOWER_LEG_WOA_1_RIGID1/BALL_BEARING_RIGID1/Solid</P>
    <P Name="SID">3144</P>
    <P Name="Type">LIBRARY_BLOCK</P>
  </ExternalFileReference>
  <ExternalFileReference>
    <P Name="Reference">sm_lib/Frames and
Transforms/Reference
Frame</P>
    <P Name="Path">$bdroot/LOWER_LEG_WOA_1_RIGID1/KNEE_AXLE_RIGID/ReferenceFrame</P>
    <P Name="SID">3147</P>
    <P Name="Type">LIBRARY_BLOCK</P>
  </ExternalFileReference>
  <ExternalFileReference>
    <P Name="Reference">sm_lib/Body Elements/Solid</P>
    <P Name="Path">$bdroot/LOWER_LEG_WOA_1_RIGID1/KNEE_AXLE_RIGID/Solid</P>
    <P Name="SID">3148</P>
    <P Name="Type">LIBRARY_BLOCK</P>
  </ExternalFileReference>
  <ExternalFileReference>
    <P Name="Reference">sm_lib/Frames and
Transforms/Reference
Frame</P>
    <P Name="Path">$bdroot/LOWER_LEG_WOA_1_RIGID1/MOTOR_CONNECTOR_RIGID/ReferenceFrame</P>
    <P Name="SID">3151</P>
    <P Name="Type">LIBRARY_BLOCK</P>
  </ExternalFileReference>
  <ExternalFileReference>
    <P Name="Reference">sm_lib/Body Elements/Solid</P>
    <P Name="Path">$bdroot/LOWER_LEG_WOA_1_RIGID1/MOTOR_CONNECTOR_RIGID/Solid</P>
    <P Name="SID">3152</P>
    <P Name="Type">LIBRARY_BLOCK</P>
  </ExternalFileReference>
  <ExternalFileReference>
    <P Name="Reference">sm_lib/Frames and
Transforms/Reference
Frame</P>
    <P Name="Path">$bdroot/LOWER_LEG_WOA_1_RIGID1/MOTOR_CONNECTOR_RIGID1/ReferenceFrame</P>
    <P Name="SID">3155</P>
    <P Name="Type">LIBRARY_BLOCK</P>
  </ExternalFileReference>
  <ExternalFileReference>
    <P Name="Reference">sm_lib/Body Elements/Solid</P>
    <P Name="Path">$bdroot/LOWER_LEG_WOA_1_RIGID1/MOTOR_CONNECTOR_RIGID1/Solid</P>
    <P Name="SID">3156</P>
    <P Name="Type">LIBRARY_BLOCK</P>
  </ExternalFileReference>
  <ExternalFileReference>
    <P Name="Reference">sm_lib/Frames and
Transforms/Reference
Frame</P>
    <P Name="Path">$bdroot/LOWER_LEG_WOA_1_RIGID1/PRIMARY_LINK_RIGID/ReferenceFrame</P>
    <P Name="SID">3159</P>
    <P Name="Type">LIBRARY_BLOCK</P>
  </ExternalFileReference>
  <ExternalFileReference>
    <P Name="Reference">sm_lib/Body Elements/Solid</P>
    <P Name="Path">$bdroot/LOWER_LEG_WOA_1_RIGID1/PRIMARY_LINK_RIGID/Solid</P>
    <P Name="SID">3160</P>
    <P Name="Type">LIBRARY_BLOCK</P>
  </ExternalFileReference>
  <ExternalFileReference>
    <P Name="Reference">sm_lib/Frames and
Transforms/Reference
Frame</P>
    <P Name="Path">$bdroot/LOWER_LEG_WOA_1_RIGID1/PRIMARY_LINK_RIGID1/ReferenceFrame</P>
    <P Name="SID">3163</P>
    <P Name="Type">LIBRARY_BLOCK</P>
  </ExternalFileReference>
  <ExternalFileReference>
    <P Name="Reference">sm_lib/Body Elements/Solid</P>
    <P Name="Path">$bdroot/LOWER_LEG_WOA_1_RIGID1/PRIMARY_LINK_RIGID1/Solid</P>
    <P Name="SID">3164</P>
    <P Name="Type">LIBRARY_BLOCK</P>
  </ExternalFileReference>
  <ExternalFileReference>
    <P Name="Reference">sm_lib/Frames and
Transforms/Reference
Frame</P>
    <P Name="Path">$bdroot/LOWER_LEG_WOA_1_RIGID1/ReferenceFrame</P>
    <P Name="SID">3166</P>
    <P Name="Type">LIBRARY_BLOCK</P>
  </ExternalFileReference>
  <ExternalFileReference>
    <P Name="Reference">sm_lib/Frames and
Transforms/Reference
Frame</P>
    <P Name="Path">$bdroot/LOWER_LEG_WOA_1_RIGID1/SERVO_RIGID/ReferenceFrame</P>
    <P Name="SID">3168</P>
    <P Name="Type">LIBRARY_BLOCK</P>
  </ExternalFileReference>
  <ExternalFileReference>
    <P Name="Reference">sm_lib/Body Elements/Solid</P>
    <P Name="Path">$bdroot/LOWER_LEG_WOA_1_RIGID1/SERVO_RIGID/Solid</P>
    <P Name="SID">3169</P>
    <P Name="Type">LIBRARY_BLOCK</P>
  </ExternalFileReference>
  <ExternalFileReference>
    <P Name="Reference">sm_lib/Frames and
Transforms/Reference
Frame</P>
    <P Name="Path">$bdroot/LOWER_LEG_WOA_1_RIGID1/SERVO_RIGID1/ReferenceFrame</P>
    <P Name="SID">3172</P>
    <P Name="Type">LIBRARY_BLOCK</P>
  </ExternalFileReference>
  <ExternalFileReference>
    <P Name="Reference">sm_lib/Body Elements/Solid</P>
    <P Name="Path">$bdroot/LOWER_LEG_WOA_1_RIGID1/SERVO_RIGID1/Solid</P>
    <P Name="SID">3173</P>
    <P Name="Type">LIBRARY_BLOCK</P>
  </ExternalFileReference>
  <ExternalFileReference>
    <P Name="Reference">sm_lib/Frames and
Transforms/Reference
Frame</P>
    <P Name="Path">$bdroot/LOWER_LEG_WOA_1_RIGID1/SHAFT_SUPPORT_LINK_RIGID/ReferenceFrame</P>
    <P Name="SID">3176</P>
    <P Name="Type">LIBRARY_BLOCK</P>
  </ExternalFileReference>
  <ExternalFileReference>
    <P Name="Reference">sm_lib/Body Elements/Solid</P>
    <P Name="Path">$bdroot/LOWER_LEG_WOA_1_RIGID1/SHAFT_SUPPORT_LINK_RIGID/Solid</P>
    <P Name="SID">3177</P>
    <P Name="Type">LIBRARY_BLOCK</P>
  </ExternalFileReference>
  <ExternalFileReference>
    <P Name="Reference">sm_lib/Frames and
Transforms/Reference
Frame</P>
    <P Name="Path">$bdroot/LOWER_LEG_WOA_1_RIGID1/SHAFT_SUPPORT_LINK_RIGID1/ReferenceFrame</P>
    <P Name="SID">3180</P>
    <P Name="Type">LIBRARY_BLOCK</P>
  </ExternalFileReference>
  <ExternalFileReference>
    <P Name="Reference">sm_lib/Body Elements/Solid</P>
    <P Name="Path">$bdroot/LOWER_LEG_WOA_1_RIGID1/SHAFT_SUPPORT_LINK_RIGID1/Solid</P>
    <P Name="SID">3181</P>
    <P Name="Type">LIBRARY_BLOCK</P>
  </ExternalFileReference>
  <ExternalFileReference>
    <P Name="Reference">sm_lib/Frames and
Transforms/Rigid
Transform</P>
    <P Name="Path">$bdroot/LOWER_LEG_WOA_1_RIGID1/Transform</P>
    <P Name="SID">3183</P>
    <P Name="Type">LIBRARY_BLOCK</P>
  </ExternalFileReference>
  <ExternalFileReference>
    <P Name="Reference">sm_lib/Frames and
Transforms/Rigid
Transform</P>
    <P Name="Path">$bdroot/LOWER_LEG_WOA_1_RIGID1/Transform1</P>
    <P Name="SID">3184</P>
    <P Name="Type">LIBRARY_BLOCK</P>
  </ExternalFileReference>
  <ExternalFileReference>
    <P Name="Reference">sm_lib/Frames and
Transforms/Rigid
Transform</P>
    <P Name="Path">$bdroot/LOWER_LEG_WOA_1_RIGID1/Transform10</P>
    <P Name="SID">3185</P>
    <P Name="Type">LIBRARY_BLOCK</P>
  </ExternalFileReference>
  <ExternalFileReference>
    <P Name="Reference">sm_lib/Frames and
Transforms/Rigid
Transform</P>
    <P Name="Path">$bdroot/LOWER_LEG_WOA_1_RIGID1/Transform11</P>
    <P Name="SID">3186</P>
    <P Name="Type">LIBRARY_BLOCK</P>
  </ExternalFileReference>
  <ExternalFileReference>
    <P Name="Reference">sm_lib/Frames and
Transforms/Rigid
Transform</P>
    <P Name="Path">$bdroot/LOWER_LEG_WOA_1_RIGID1/Transform12</P>
    <P Name="SID">3187</P>
    <P Name="Type">LIBRARY_BLOCK</P>
  </ExternalFileReference>
  <ExternalFileReference>
    <P Name="Reference">sm_lib/Frames and
Transforms/Rigid
Transform</P>
    <P Name="Path">$bdroot/LOWER_LEG_WOA_1_RIGID1/Transform13</P>
    <P Name="SID">3188</P>
    <P Name="Type">LIBRARY_BLOCK</P>
  </ExternalFileReference>
  <ExternalFileReference>
    <P Name="Reference">sm_lib/Frames and
Transforms/Rigid
Transform</P>
    <P Name="Path">$bdroot/LOWER_LEG_WOA_1_RIGID1/Transform14</P>
    <P Name="SID">3189</P>
    <P Name="Type">LIBRARY_BLOCK</P>
  </ExternalFileReference>
  <ExternalFileReference>
    <P Name="Reference">sm_lib/Frames and
Transforms/Rigid
Transform</P>
    <P Name="Path">$bdroot/LOWER_LEG_WOA_1_RIGID1/Transform2</P>
    <P Name="SID">3190</P>
    <P Name="Type">LIBRARY_BLOCK</P>
  </ExternalFileReference>
  <ExternalFileReference>
    <P Name="Reference">sm_lib/Frames and
Transforms/Rigid
Transform</P>
    <P Name="Path">$bdroot/LOWER_LEG_WOA_1_RIGID1/Transform3</P>
    <P Name="SID">3191</P>
    <P Name="Type">LIBRARY_BLOCK</P>
  </ExternalFileReference>
  <ExternalFileReference>
    <P Name="Reference">sm_lib/Frames and
Transforms/Rigid
Transform</P>
    <P Name="Path">$bdroot/LOWER_LEG_WOA_1_RIGID1/Transform4</P>
    <P Name="SID">3192</P>
    <P Name="Type">LIBRARY_BLOCK</P>
  </ExternalFileReference>
  <ExternalFileReference>
    <P Name="Reference">sm_lib/Frames and
Transforms/Rigid
Transform</P>
    <P Name="Path">$bdroot/LOWER_LEG_WOA_1_RIGID1/Transform5</P>
    <P Name="SID">3193</P>
    <P Name="Type">LIBRARY_BLOCK</P>
  </ExternalFileReference>
  <ExternalFileReference>
    <P Name="Reference">sm_lib/Frames and
Transforms/Rigid
Transform</P>
    <P Name="Path">$bdroot/LOWER_LEG_WOA_1_RIGID1/Transform6</P>
    <P Name="SID">3194</P>
    <P Name="Type">LIBRARY_BLOCK</P>
  </ExternalFileReference>
  <ExternalFileReference>
    <P Name="Reference">sm_lib/Frames and
Transforms/Rigid
Transform</P>
    <P Name="Path">$bdroot/LOWER_LEG_WOA_1_RIGID1/Transform7</P>
    <P Name="SID">3195</P>
    <P Name="Type">LIBRARY_BLOCK</P>
  </ExternalFileReference>
  <ExternalFileReference>
    <P Name="Reference">sm_lib/Frames and
Transforms/Rigid
Transform</P>
    <P Name="Path">$bdroot/LOWER_LEG_WOA_1_RIGID1/Transform8</P>
    <P Name="SID">3196</P>
    <P Name="Type">LIBRARY_BLOCK</P>
  </ExternalFileReference>
  <ExternalFileReference>
    <P Name="Reference">sm_lib/Frames and
Transforms/Rigid
Transform</P>
    <P Name="Path">$bdroot/LOWER_LEG_WOA_1_RIGID1/Transform9</P>
    <P Name="SID">3197</P>
    <P Name="Type">LIBRARY_BLOCK</P>
  </ExternalFileReference>
  <ExternalFileReference>
    <P Name="Reference">sm_lib/Frames and
Transforms/Reference
Frame</P>
    <P Name="Path">$bdroot/LOWER_LEG_WOA_1_RIGID1/UNIVERSAL_LINK_A_RIGID/ReferenceFrame</P>
    <P Name="SID">3199</P>
    <P Name="Type">LIBRARY_BLOCK</P>
  </ExternalFileReference>
  <ExternalFileReference>
    <P Name="Reference">sm_lib/Body Elements/Solid</P>
    <P Name="Path">$bdroot/LOWER_LEG_WOA_1_RIGID1/UNIVERSAL_LINK_A_RIGID/Solid</P>
    <P Name="SID">3200</P>
    <P Name="Type">LIBRARY_BLOCK</P>
  </ExternalFileReference>
  <ExternalFileReference>
    <P Name="Reference">sm_lib/Frames and
Transforms/Reference
Frame</P>
    <P Name="Path">$bdroot/LOWER_LEG_WOA_1_RIGID1/UNIVERSAL_LINK_A_RIGID1/ReferenceFrame</P>
    <P Name="SID">3203</P>
    <P Name="Type">LIBRARY_BLOCK</P>
  </ExternalFileReference>
  <ExternalFileReference>
    <P Name="Reference">sm_lib/Body Elements/Solid</P>
    <P Name="Path">$bdroot/LOWER_LEG_WOA_1_RIGID1/UNIVERSAL_LINK_A_RIGID1/Solid</P>
    <P Name="SID">3204</P>
    <P Name="Type">LIBRARY_BLOCK</P>
  </ExternalFileReference>
  <ExternalFileReference>
    <P Name="Reference">sm_lib/Utilities/Mechanism
Configuration</P>
    <P Name="Path">$bdroot/MechanismConfiguration</P>
    <P Name="SID">3209</P>
    <P Name="Type">LIBRARY_BLOCK</P>
  </ExternalFileReference>
  <ExternalFileReference>
    <P Name="Reference">sm_lib/Frames and
Transforms/Reference
Frame</P>
    <P Name="Path">$bdroot/PLUS_RIGID/ReferenceFrame</P>
    <P Name="SID">3211</P>
    <P Name="Type">LIBRARY_BLOCK</P>
  </ExternalFileReference>
  <ExternalFileReference>
    <P Name="Reference">sm_lib/Body Elements/Solid</P>
    <P Name="Path">$bdroot/PLUS_RIGID/Solid</P>
    <P Name="SID">3212</P>
    <P Name="Type">LIBRARY_BLOCK</P>
  </ExternalFileReference>
  <ExternalFileReference>
    <P Name="Reference">sm_lib/Frames and
Transforms/Rigid
Transform</P>
    <P Name="Path">$bdroot/PLUS_RIGID/Transform</P>
    <P Name="SID">3213</P>
    <P Name="Type">LIBRARY_BLOCK</P>
  </ExternalFileReference>
  <ExternalFileReference>
    <P Name="Reference">sm_lib/Frames and
Transforms/Rigid
Transform</P>
    <P Name="Path">$bdroot/PLUS_RIGID/Transform1</P>
    <P Name="SID">3214</P>
    <P Name="Type">LIBRARY_BLOCK</P>
  </ExternalFileReference>
  <ExternalFileReference>
    <P Name="Reference">sm_lib/Frames and
Transforms/Reference
Frame</P>
    <P Name="Path">$bdroot/PLUS_RIGID1/ReferenceFrame</P>
    <P Name="SID">3218</P>
    <P Name="Type">LIBRARY_BLOCK</P>
  </ExternalFileReference>
  <ExternalFileReference>
    <P Name="Reference">sm_lib/Body Elements/Solid</P>
    <P Name="Path">$bdroot/PLUS_RIGID1/Solid</P>
    <P Name="SID">3219</P>
    <P Name="Type">LIBRARY_BLOCK</P>
  </ExternalFileReference>
  <ExternalFileReference>
    <P Name="Reference">sm_lib/Frames and
Transforms/Rigid
Transform</P>
    <P Name="Path">$bdroot/PLUS_RIGID1/Transform</P>
    <P Name="SID">3220</P>
    <P Name="Type">LIBRARY_BLOCK</P>
  </ExternalFileReference>
  <ExternalFileReference>
    <P Name="Reference">sm_lib/Frames and
Transforms/Rigid
Transform</P>
    <P Name="Path">$bdroot/PLUS_RIGID1/Transform1</P>
    <P Name="SID">3221</P>
    <P Name="Type">LIBRARY_BLOCK</P>
  </ExternalFileReference>
  <ExternalFileReference>
    <P Name="Reference">nesl_utility/PS-Simulink
Converter</P>
    <P Name="Path">$bdroot/PS-Simulink Converter</P>
    <P Name="SID">3224</P>
    <P Name="Type">LIBRARY_BLOCK</P>
  </ExternalFileReference>
  <ExternalFileReference>
    <P Name="Reference">sm_lib/Joints/Revolute Joint</P>
    <P Name="Path">$bdroot/Revolute</P>
    <P Name="SID">3225</P>
    <P Name="Type">LIBRARY_BLOCK</P>
  </ExternalFileReference>
  <ExternalFileReference>
    <P Name="Reference">sm_lib/Joints/Revolute Joint</P>
    <P Name="Path">$bdroot/Revolute1</P>
    <P Name="SID">3226</P>
    <P Name="Type">LIBRARY_BLOCK</P>
  </ExternalFileReference>
  <ExternalFileReference>
    <P Name="Reference">sm_lib/Joints/Revolute Joint</P>
    <P Name="Path">$bdroot/Revolute2</P>
    <P Name="SID">3227</P>
    <P Name="Type">LIBRARY_BLOCK</P>
  </ExternalFileReference>
  <ExternalFileReference>
    <P Name="Reference">sm_lib/Joints/Revolute Joint</P>
    <P Name="Path">$bdroot/Revolute3</P>
    <P Name="SID">3228</P>
    <P Name="Type">LIBRARY_BLOCK</P>
  </ExternalFileReference>
  <ExternalFileReference>
    <P Name="Reference">sm_lib/Joints/Revolute Joint</P>
    <P Name="Path">$bdroot/Revolute4</P>
    <P Name="SID">3229</P>
    <P Name="Type">LIBRARY_BLOCK</P>
  </ExternalFileReference>
  <ExternalFileReference>
    <P Name="Reference">sm_lib/Joints/Revolute Joint</P>
    <P Name="Path">$bdroot/Revolute5</P>
    <P Name="SID">3230</P>
    <P Name="Type">LIBRARY_BLOCK</P>
  </ExternalFileReference>
  <ExternalFileReference>
    <P Name="Reference">sm_lib/Joints/Revolute Joint</P>
    <P Name="Path">$bdroot/Revolute6</P>
    <P Name="SID">3231</P>
    <P Name="Type">LIBRARY_BLOCK</P>
  </ExternalFileReference>
  <ExternalFileReference>
    <P Name="Reference">sm_lib/Joints/Revolute Joint</P>
    <P Name="Path">$bdroot/Revolute7</P>
    <P Name="SID">3232</P>
    <P Name="Type">LIBRARY_BLOCK</P>
  </ExternalFileReference>
  <ExternalFileReference>
    <P Name="Reference">sm_lib/Joints/Revolute Joint</P>
    <P Name="Path">$bdroot/Revolute8</P>
    <P Name="SID">3233</P>
    <P Name="Type">LIBRARY_BLOCK</P>
  </ExternalFileReference>
  <ExternalFileReference>
    <P Name="Reference">sm_lib/Joints/Revolute Joint</P>
    <P Name="Path">$bdroot/Revolute9</P>
    <P Name="SID">3234</P>
    <P Name="Type">LIBRARY_BLOCK</P>
  </ExternalFileReference>
  <ExternalFileReference>
    <P Name="Reference">sm_lib/Frames and
Transforms/Rigid
Transform</P>
    <P Name="Path">$bdroot/Rigid Transform</P>
    <P Name="SID">3235</P>
    <P Name="Type">LIBRARY_BLOCK</P>
  </ExternalFileReference>
  <ExternalFileReference>
    <P Name="Reference">nesl_utility/Simulink-PS
Converter</P>
    <P Name="Path">$bdroot/Simulink-PS Converter</P>
    <P Name="SID">3236</P>
    <P Name="Type">LIBRARY_BLOCK</P>
  </ExternalFileReference>
  <ExternalFileReference>
    <P Name="Reference">nesl_utility/Simulink-PS
Converter</P>
    <P Name="Path">$bdroot/Simulink-PS Converter1</P>
    <P Name="SID">3237</P>
    <P Name="Type">LIBRARY_BLOCK</P>
  </ExternalFileReference>
  <ExternalFileReference>
    <P Name="Reference">nesl_utility/Simulink-PS
Converter</P>
    <P Name="Path">$bdroot/Simulink-PS Converter2</P>
    <P Name="SID">3238</P>
    <P Name="Type">LIBRARY_BLOCK</P>
  </ExternalFileReference>
  <ExternalFileReference>
    <P Name="Reference">nesl_utility/Simulink-PS
Converter</P>
    <P Name="Path">$bdroot/Simulink-PS Converter3</P>
    <P Name="SID">3239</P>
    <P Name="Type">LIBRARY_BLOCK</P>
  </ExternalFileReference>
  <ExternalFileReference>
    <P Name="Reference">nesl_utility/Simulink-PS
Converter</P>
    <P Name="Path">$bdroot/Simulink-PS Converter4</P>
    <P Name="SID">3240</P>
    <P Name="Type">LIBRARY_BLOCK</P>
  </ExternalFileReference>
  <ExternalFileReference>
    <P Name="Reference">nesl_utility/Simulink-PS
Converter</P>
    <P Name="Path">$bdroot/Simulink-PS Converter5</P>
    <P Name="SID">3241</P>
    <P Name="Type">LIBRARY_BLOCK</P>
  </ExternalFileReference>
  <ExternalFileReference>
    <P Name="Reference">nesl_utility/Simulink-PS
Converter</P>
    <P Name="Path">$bdroot/Simulink-PS Converter6</P>
    <P Name="SID">3242</P>
    <P Name="Type">LIBRARY_BLOCK</P>
  </ExternalFileReference>
  <ExternalFileReference>
    <P Name="Reference">nesl_utility/Simulink-PS
Converter</P>
    <P Name="Path">$bdroot/Simulink-PS Converter7</P>
    <P Name="SID">3243</P>
    <P Name="Type">LIBRARY_BLOCK</P>
  </ExternalFileReference>
  <ExternalFileReference>
    <P Name="Reference">nesl_utility/Simulink-PS
Converter</P>
    <P Name="Path">$bdroot/Simulink-PS Converter8</P>
    <P Name="SID">3244</P>
    <P Name="Type">LIBRARY_BLOCK</P>
  </ExternalFileReference>
  <ExternalFileReference>
    <P Name="Reference">nesl_utility/Simulink-PS
Converter</P>
    <P Name="Path">$bdroot/Simulink-PS Converter9</P>
    <P Name="SID">3245</P>
    <P Name="Type">LIBRARY_BLOCK</P>
  </ExternalFileReference>
  <ExternalFileReference>
    <P Name="Reference">sm_lib/Body Elements/Solid</P>
    <P Name="Path">$bdroot/Solid</P>
    <P Name="SID">3246</P>
    <P Name="Type">LIBRARY_BLOCK</P>
  </ExternalFileReference>
  <ExternalFileReference>
    <P Name="Reference">nesl_utility/Solver
Configuration</P>
    <P Name="Path">$bdroot/Solver Configuration</P>
    <P Name="SID">3247</P>
    <P Name="Type">LIBRARY_BLOCK</P>
  </ExternalFileReference>
  <ExternalFileReference>
    <P Name="Reference">sm_lib/Frames and
Transforms/Reference
Frame</P>
    <P Name="Path">$bdroot/TORSO_BASE_WOA_1_RIGID/BASE1_RIGID/ReferenceFrame</P>
    <P Name="SID">3250</P>
    <P Name="Type">LIBRARY_BLOCK</P>
  </ExternalFileReference>
  <ExternalFileReference>
    <P Name="Reference">sm_lib/Body Elements/Solid</P>
    <P Name="Path">$bdroot/TORSO_BASE_WOA_1_RIGID/BASE1_RIGID/Solid</P>
    <P Name="SID">3251</P>
    <P Name="Type">LIBRARY_BLOCK</P>
  </ExternalFileReference>
  <ExternalFileReference>
    <P Name="Reference">sm_lib/Frames and
Transforms/Reference
Frame</P>
    <P Name="Path">$bdroot/TORSO_BASE_WOA_1_RIGID/BASE1_RIGID1/ReferenceFrame</P>
    <P Name="SID">3254</P>
    <P Name="Type">LIBRARY_BLOCK</P>
  </ExternalFileReference>
  <ExternalFileReference>
    <P Name="Reference">sm_lib/Body Elements/Solid</P>
    <P Name="Path">$bdroot/TORSO_BASE_WOA_1_RIGID/BASE1_RIGID1/Solid</P>
    <P Name="SID">3255</P>
    <P Name="Type">LIBRARY_BLOCK</P>
  </ExternalFileReference>
  <ExternalFileReference>
    <P Name="Reference">sm_lib/Frames and
Transforms/Reference
Frame</P>
    <P Name="Path">$bdroot/TORSO_BASE_WOA_1_RIGID/KNEE_MOTOR_RIGID/ReferenceFrame</P>
    <P Name="SID">3258</P>
    <P Name="Type">LIBRARY_BLOCK</P>
  </ExternalFileReference>
  <ExternalFileReference>
    <P Name="Reference">sm_lib/Body Elements/Solid</P>
    <P Name="Path">$bdroot/TORSO_BASE_WOA_1_RIGID/KNEE_MOTOR_RIGID/Solid</P>
    <P Name="SID">3259</P>
    <P Name="Type">LIBRARY_BLOCK</P>
  </ExternalFileReference>
  <ExternalFileReference>
    <P Name="Reference">sm_lib/Frames and
Transforms/Reference
Frame</P>
    <P Name="Path">$bdroot/TORSO_BASE_WOA_1_RIGID/KNEE_MOTOR_RIGID1/ReferenceFrame</P>
    <P Name="SID">3262</P>
    <P Name="Type">LIBRARY_BLOCK</P>
  </ExternalFileReference>
  <ExternalFileReference>
    <P Name="Reference">sm_lib/Body Elements/Solid</P>
    <P Name="Path">$bdroot/TORSO_BASE_WOA_1_RIGID/KNEE_MOTOR_RIGID1/Solid</P>
    <P Name="SID">3263</P>
    <P Name="Type">LIBRARY_BLOCK</P>
  </ExternalFileReference>
  <ExternalFileReference>
    <P Name="Reference">sm_lib/Frames and
Transforms/Reference
Frame</P>
    <P Name="Path">$bdroot/TORSO_BASE_WOA_1_RIGID/LINK_BASE_1_RIGID/ReferenceFrame</P>
    <P Name="SID">3266</P>
    <P Name="Type">LIBRARY_BLOCK</P>
  </ExternalFileReference>
  <ExternalFileReference>
    <P Name="Reference">sm_lib/Body Elements/Solid</P>
    <P Name="Path">$bdroot/TORSO_BASE_WOA_1_RIGID/LINK_BASE_1_RIGID/Solid</P>
    <P Name="SID">3267</P>
    <P Name="Type">LIBRARY_BLOCK</P>
  </ExternalFileReference>
  <ExternalFileReference>
    <P Name="Reference">sm_lib/Frames and
Transforms/Reference
Frame</P>
    <P Name="Path">$bdroot/TORSO_BASE_WOA_1_RIGID/LINK_BASE_2_RIGID/ReferenceFrame</P>
    <P Name="SID">3270</P>
    <P Name="Type">LIBRARY_BLOCK</P>
  </ExternalFileReference>
  <ExternalFileReference>
    <P Name="Reference">sm_lib/Body Elements/Solid</P>
    <P Name="Path">$bdroot/TORSO_BASE_WOA_1_RIGID/LINK_BASE_2_RIGID/Solid</P>
    <P Name="SID">3271</P>
    <P Name="Type">LIBRARY_BLOCK</P>
  </ExternalFileReference>
  <ExternalFileReference>
    <P Name="Reference">sm_lib/Frames and
Transforms/Reference
Frame</P>
    <P Name="Path">$bdroot/TORSO_BASE_WOA_1_RIGID/LINK_BASE_2_RIGID1/ReferenceFrame</P>
    <P Name="SID">3274</P>
    <P Name="Type">LIBRARY_BLOCK</P>
  </ExternalFileReference>
  <ExternalFileReference>
    <P Name="Reference">sm_lib/Body Elements/Solid</P>
    <P Name="Path">$bdroot/TORSO_BASE_WOA_1_RIGID/LINK_BASE_2_RIGID1/Solid</P>
    <P Name="SID">3275</P>
    <P Name="Type">LIBRARY_BLOCK</P>
  </ExternalFileReference>
  <ExternalFileReference>
    <P Name="Reference">sm_lib/Frames and
Transforms/Reference
Frame</P>
    <P Name="Path">$bdroot/TORSO_BASE_WOA_1_RIGID/ReferenceFrame</P>
    <P Name="SID">3277</P>
    <P Name="Type">LIBRARY_BLOCK</P>
  </ExternalFileReference>
  <ExternalFileReference>
    <P Name="Reference">sm_lib/Frames and
Transforms/Rigid
Transform</P>
    <P Name="Path">$bdroot/TORSO_BASE_WOA_1_RIGID/Transform</P>
    <P Name="SID">3278</P>
    <P Name="Type">LIBRARY_BLOCK</P>
  </ExternalFileReference>
  <ExternalFileReference>
    <P Name="Reference">sm_lib/Frames and
Transforms/Rigid
Transform</P>
    <P Name="Path">$bdroot/TORSO_BASE_WOA_1_RIGID/Transform1</P>
    <P Name="SID">3279</P>
    <P Name="Type">LIBRARY_BLOCK</P>
  </ExternalFileReference>
  <ExternalFileReference>
    <P Name="Reference">sm_lib/Frames and
Transforms/Rigid
Transform</P>
    <P Name="Path">$bdroot/TORSO_BASE_WOA_1_RIGID/Transform2</P>
    <P Name="SID">3280</P>
    <P Name="Type">LIBRARY_BLOCK</P>
  </ExternalFileReference>
  <ExternalFileReference>
    <P Name="Reference">sm_lib/Frames and
Transforms/Rigid
Transform</P>
    <P Name="Path">$bdroot/TORSO_BASE_WOA_1_RIGID/Transform3</P>
    <P Name="SID">3281</P>
    <P Name="Type">LIBRARY_BLOCK</P>
  </ExternalFileReference>
  <ExternalFileReference>
    <P Name="Reference">sm_lib/Frames and
Transforms/Rigid
Transform</P>
    <P Name="Path">$bdroot/TORSO_BASE_WOA_1_RIGID/Transform4</P>
    <P Name="SID">3282</P>
    <P Name="Type">LIBRARY_BLOCK</P>
  </ExternalFileReference>
  <ExternalFileReference>
    <P Name="Reference">sm_lib/Frames and
Transforms/Rigid
Transform</P>
    <P Name="Path">$bdroot/TORSO_BASE_WOA_1_RIGID/Transform5</P>
    <P Name="SID">3283</P>
    <P Name="Type">LIBRARY_BLOCK</P>
  </ExternalFileReference>
  <ExternalFileReference>
    <P Name="Reference">sm_lib/Frames and
Transforms/Rigid
Transform</P>
    <P Name="Path">$bdroot/TORSO_BASE_WOA_1_RIGID/Transform6</P>
    <P Name="SID">3284</P>
    <P Name="Type">LIBRARY_BLOCK</P>
  </ExternalFileReference>
  <ExternalFileReference>
    <P Name="Reference">sm_lib/Frames and
Transforms/Rigid
Transform</P>
    <P Name="Path">$bdroot/TORSO_BASE_WOA_1_RIGID/Transform7</P>
    <P Name="SID">3285</P>
    <P Name="Type">LIBRARY_BLOCK</P>
  </ExternalFileReference>
  <ExternalFileReference>
    <P Name="Reference">sm_lib/Frames and
Transforms/Rigid
Transform</P>
    <P Name="Path">$bdroot/TORSO_BASE_WOA_1_RIGID/Transform8</P>
    <P Name="SID">3286</P>
    <P Name="Type">LIBRARY_BLOCK</P>
  </ExternalFileReference>
  <ExternalFileReference>
    <P Name="Reference">sm_lib/Frames and
Transforms/Rigid
Transform</P>
    <P Name="Path">$bdroot/Transform</P>
    <P Name="SID">3290</P>
    <P Name="Type">LIBRARY_BLOCK</P>
  </ExternalFileReference>
  <ExternalFileReference>
    <P Name="Reference">sm_lib/Frames and
Transforms/Reference
Frame</P>
    <P Name="Path">$bdroot/UNIVERSAL_LINK_B_RIGID/ReferenceFrame</P>
    <P Name="SID">3292</P>
    <P Name="Type">LIBRARY_BLOCK</P>
  </ExternalFileReference>
  <ExternalFileReference>
    <P Name="Reference">sm_lib/Body Elements/Solid</P>
    <P Name="Path">$bdroot/UNIVERSAL_LINK_B_RIGID/Solid</P>
    <P Name="SID">3293</P>
    <P Name="Type">LIBRARY_BLOCK</P>
  </ExternalFileReference>
  <ExternalFileReference>
    <P Name="Reference">sm_lib/Frames and
Transforms/Rigid
Transform</P>
    <P Name="Path">$bdroot/UNIVERSAL_LINK_B_RIGID/Transform</P>
    <P Name="SID">3294</P>
    <P Name="Type">LIBRARY_BLOCK</P>
  </ExternalFileReference>
  <ExternalFileReference>
    <P Name="Reference">sm_lib/Frames and
Transforms/Rigid
Transform</P>
    <P Name="Path">$bdroot/UNIVERSAL_LINK_B_RIGID/Transform1</P>
    <P Name="SID">3295</P>
    <P Name="Type">LIBRARY_BLOCK</P>
  </ExternalFileReference>
  <ExternalFileReference>
    <P Name="Reference">sm_lib/Frames and
Transforms/Reference
Frame</P>
    <P Name="Path">$bdroot/UNIVERSAL_LINK_B_RIGID1/ReferenceFrame</P>
    <P Name="SID">3299</P>
    <P Name="Type">LIBRARY_BLOCK</P>
  </ExternalFileReference>
  <ExternalFileReference>
    <P Name="Reference">sm_lib/Body Elements/Solid</P>
    <P Name="Path">$bdroot/UNIVERSAL_LINK_B_RIGID1/Solid</P>
    <P Name="SID">3300</P>
    <P Name="Type">LIBRARY_BLOCK</P>
  </ExternalFileReference>
  <ExternalFileReference>
    <P Name="Reference">sm_lib/Frames and
Transforms/Rigid
Transform</P>
    <P Name="Path">$bdroot/UNIVERSAL_LINK_B_RIGID1/Transform</P>
    <P Name="SID">3301</P>
    <P Name="Type">LIBRARY_BLOCK</P>
  </ExternalFileReference>
  <ExternalFileReference>
    <P Name="Reference">sm_lib/Frames and
Transforms/Rigid
Transform</P>
    <P Name="Path">$bdroot/UNIVERSAL_LINK_B_RIGID1/Transform1</P>
    <P Name="SID">3302</P>
    <P Name="Type">LIBRARY_BLOCK</P>
  </ExternalFileReference>
  <ExternalFileReference>
    <P Name="Reference">sm_lib/Frames and
Transforms/Reference
Frame</P>
    <P Name="Path">$bdroot/UNIVERSAL_LINK_C_WOA_RIGID/ReferenceFrame</P>
    <P Name="SID">3306</P>
    <P Name="Type">LIBRARY_BLOCK</P>
  </ExternalFileReference>
  <ExternalFileReference>
    <P Name="Reference">sm_lib/Body Elements/Solid</P>
    <P Name="Path">$bdroot/UNIVERSAL_LINK_C_WOA_RIGID/Solid</P>
    <P Name="SID">3307</P>
    <P Name="Type">LIBRARY_BLOCK</P>
  </ExternalFileReference>
  <ExternalFileReference>
    <P Name="Reference">sm_lib/Frames and
Transforms/Rigid
Transform</P>
    <P Name="Path">$bdroot/UNIVERSAL_LINK_C_WOA_RIGID/Transform</P>
    <P Name="SID">3308</P>
    <P Name="Type">LIBRARY_BLOCK</P>
  </ExternalFileReference>
  <ExternalFileReference>
    <P Name="Reference">sm_lib/Frames and
Transforms/Rigid
Transform</P>
    <P Name="Path">$bdroot/UNIVERSAL_LINK_C_WOA_RIGID/Transform1</P>
    <P Name="SID">3309</P>
    <P Name="Type">LIBRARY_BLOCK</P>
  </ExternalFileReference>
  <ExternalFileReference>
    <P Name="Reference">sm_lib/Frames and
Transforms/Reference
Frame</P>
    <P Name="Path">$bdroot/UNIVERSAL_LINK_C_WOA_RIGID1/ReferenceFrame</P>
    <P Name="SID">3313</P>
    <P Name="Type">LIBRARY_BLOCK</P>
  </ExternalFileReference>
  <ExternalFileReference>
    <P Name="Reference">sm_lib/Body Elements/Solid</P>
    <P Name="Path">$bdroot/UNIVERSAL_LINK_C_WOA_RIGID1/Solid</P>
    <P Name="SID">3314</P>
    <P Name="Type">LIBRARY_BLOCK</P>
  </ExternalFileReference>
  <ExternalFileReference>
    <P Name="Reference">sm_lib/Frames and
Transforms/Rigid
Transform</P>
    <P Name="Path">$bdroot/UNIVERSAL_LINK_C_WOA_RIGID1/Transform</P>
    <P Name="SID">3315</P>
    <P Name="Type">LIBRARY_BLOCK</P>
  </ExternalFileReference>
  <ExternalFileReference>
    <P Name="Reference">sm_lib/Frames and
Transforms/Rigid
Transform</P>
    <P Name="Path">$bdroot/UNIVERSAL_LINK_C_WOA_RIGID1/Transform1</P>
    <P Name="SID">3316</P>
    <P Name="Type">LIBRARY_BLOCK</P>
  </ExternalFileReference>
  <ExternalFileReference>
    <P Name="Reference">sm_lib/Frames and
Transforms/Reference
Frame</P>
    <P Name="Path">$bdroot/UPPER_LEG_WOA_RIGID/BALL_BEARING_RIGID/ReferenceFrame</P>
    <P Name="SID">3321</P>
    <P Name="Type">LIBRARY_BLOCK</P>
  </ExternalFileReference>
  <ExternalFileReference>
    <P Name="Reference">sm_lib/Body Elements/Solid</P>
    <P Name="Path">$bdroot/UPPER_LEG_WOA_RIGID/BALL_BEARING_RIGID/Solid</P>
    <P Name="SID">3322</P>
    <P Name="Type">LIBRARY_BLOCK</P>
  </ExternalFileReference>
  <ExternalFileReference>
    <P Name="Reference">sm_lib/Frames and
Transforms/Reference
Frame</P>
    <P Name="Path">$bdroot/UPPER_LEG_WOA_RIGID/BALL_BEARING_RIGID1/ReferenceFrame</P>
    <P Name="SID">3325</P>
    <P Name="Type">LIBRARY_BLOCK</P>
  </ExternalFileReference>
  <ExternalFileReference>
    <P Name="Reference">sm_lib/Body Elements/Solid</P>
    <P Name="Path">$bdroot/UPPER_LEG_WOA_RIGID/BALL_BEARING_RIGID1/Solid</P>
    <P Name="SID">3326</P>
    <P Name="Type">LIBRARY_BLOCK</P>
  </ExternalFileReference>
  <ExternalFileReference>
    <P Name="Reference">sm_lib/Frames and
Transforms/Reference
Frame</P>
    <P Name="Path">$bdroot/UPPER_LEG_WOA_RIGID/BALL_BEARING_RIGID2/ReferenceFrame</P>
    <P Name="SID">3329</P>
    <P Name="Type">LIBRARY_BLOCK</P>
  </ExternalFileReference>
  <ExternalFileReference>
    <P Name="Reference">sm_lib/Body Elements/Solid</P>
    <P Name="Path">$bdroot/UPPER_LEG_WOA_RIGID/BALL_BEARING_RIGID2/Solid</P>
    <P Name="SID">3330</P>
    <P Name="Type">LIBRARY_BLOCK</P>
  </ExternalFileReference>
  <ExternalFileReference>
    <P Name="Reference">sm_lib/Frames and
Transforms/Reference
Frame</P>
    <P Name="Path">$bdroot/UPPER_LEG_WOA_RIGID/BALL_BEARING_RIGID3/ReferenceFrame</P>
    <P Name="SID">3333</P>
    <P Name="Type">LIBRARY_BLOCK</P>
  </ExternalFileReference>
  <ExternalFileReference>
    <P Name="Reference">sm_lib/Body Elements/Solid</P>
    <P Name="Path">$bdroot/UPPER_LEG_WOA_RIGID/BALL_BEARING_RIGID3/Solid</P>
    <P Name="SID">3334</P>
    <P Name="Type">LIBRARY_BLOCK</P>
  </ExternalFileReference>
  <ExternalFileReference>
    <P Name="Reference">sm_lib/Frames and
Transforms/Reference
Frame</P>
    <P Name="Path">$bdroot/UPPER_LEG_WOA_RIGID/HIP_SHAFT1_CONNECTOR_RIGID/ReferenceFrame</P>
    <P Name="SID">3337</P>
    <P Name="Type">LIBRARY_BLOCK</P>
  </ExternalFileReference>
  <ExternalFileReference>
    <P Name="Reference">sm_lib/Body Elements/Solid</P>
    <P Name="Path">$bdroot/UPPER_LEG_WOA_RIGID/HIP_SHAFT1_CONNECTOR_RIGID/Solid</P>
    <P Name="SID">3338</P>
    <P Name="Type">LIBRARY_BLOCK</P>
  </ExternalFileReference>
  <ExternalFileReference>
    <P Name="Reference">sm_lib/Frames and
Transforms/Reference
Frame</P>
    <P Name="Path">$bdroot/UPPER_LEG_WOA_RIGID/HIP_SHAFT1_CONNECTOR_RIGID1/ReferenceFrame</P>
    <P Name="SID">3341</P>
    <P Name="Type">LIBRARY_BLOCK</P>
  </ExternalFileReference>
  <ExternalFileReference>
    <P Name="Reference">sm_lib/Body Elements/Solid</P>
    <P Name="Path">$bdroot/UPPER_LEG_WOA_RIGID/HIP_SHAFT1_CONNECTOR_RIGID1/Solid</P>
    <P Name="SID">3342</P>
    <P Name="Type">LIBRARY_BLOCK</P>
  </ExternalFileReference>
  <ExternalFileReference>
    <P Name="Reference">sm_lib/Frames and
Transforms/Reference
Frame</P>
    <P Name="Path">$bdroot/UPPER_LEG_WOA_RIGID/KNEE_SHAFT_CONNECTOR_RIGID/ReferenceFrame</P>
    <P Name="SID">3345</P>
    <P Name="Type">LIBRARY_BLOCK</P>
  </ExternalFileReference>
  <ExternalFileReference>
    <P Name="Reference">sm_lib/Body Elements/Solid</P>
    <P Name="Path">$bdroot/UPPER_LEG_WOA_RIGID/KNEE_SHAFT_CONNECTOR_RIGID/Solid</P>
    <P Name="SID">3346</P>
    <P Name="Type">LIBRARY_BLOCK</P>
  </ExternalFileReference>
  <ExternalFileReference>
    <P Name="Reference">sm_lib/Frames and
Transforms/Reference
Frame</P>
    <P Name="Path">$bdroot/UPPER_LEG_WOA_RIGID/KNEE_SHAFT_CONNECTOR_RIGID1/ReferenceFrame</P>
    <P Name="SID">3349</P>
    <P Name="Type">LIBRARY_BLOCK</P>
  </ExternalFileReference>
  <ExternalFileReference>
    <P Name="Reference">sm_lib/Body Elements/Solid</P>
    <P Name="Path">$bdroot/UPPER_LEG_WOA_RIGID/KNEE_SHAFT_CONNECTOR_RIGID1/Solid</P>
    <P Name="SID">3350</P>
    <P Name="Type">LIBRARY_BLOCK</P>
  </ExternalFileReference>
  <ExternalFileReference>
    <P Name="Reference">sm_lib/Frames and
Transforms/Reference
Frame</P>
    <P Name="Path">$bdroot/UPPER_LEG_WOA_RIGID/PRIMARY_LINK_UL_RIGID/ReferenceFrame</P>
    <P Name="SID">3353</P>
    <P Name="Type">LIBRARY_BLOCK</P>
  </ExternalFileReference>
  <ExternalFileReference>
    <P Name="Reference">sm_lib/Body Elements/Solid</P>
    <P Name="Path">$bdroot/UPPER_LEG_WOA_RIGID/PRIMARY_LINK_UL_RIGID/Solid</P>
    <P Name="SID">3354</P>
    <P Name="Type">LIBRARY_BLOCK</P>
  </ExternalFileReference>
  <ExternalFileReference>
    <P Name="Reference">sm_lib/Frames and
Transforms/Reference
Frame</P>
    <P Name="Path">$bdroot/UPPER_LEG_WOA_RIGID/PRIMARY_LINK_UL_RIGID1/ReferenceFrame</P>
    <P Name="SID">3357</P>
    <P Name="Type">LIBRARY_BLOCK</P>
  </ExternalFileReference>
  <ExternalFileReference>
    <P Name="Reference">sm_lib/Body Elements/Solid</P>
    <P Name="Path">$bdroot/UPPER_LEG_WOA_RIGID/PRIMARY_LINK_UL_RIGID1/Solid</P>
    <P Name="SID">3358</P>
    <P Name="Type">LIBRARY_BLOCK</P>
  </ExternalFileReference>
  <ExternalFileReference>
    <P Name="Reference">sm_lib/Frames and
Transforms/Reference
Frame</P>
    <P Name="Path">$bdroot/UPPER_LEG_WOA_RIGID/ReferenceFrame</P>
    <P Name="SID">3360</P>
    <P Name="Type">LIBRARY_BLOCK</P>
  </ExternalFileReference>
  <ExternalFileReference>
    <P Name="Reference">sm_lib/Frames and
Transforms/Reference
Frame</P>
    <P Name="Path">$bdroot/UPPER_LEG_WOA_RIGID/SUPPORT_LINK1_RIGID/ReferenceFrame</P>
    <P Name="SID">3362</P>
    <P Name="Type">LIBRARY_BLOCK</P>
  </ExternalFileReference>
  <ExternalFileReference>
    <P Name="Reference">sm_lib/Body Elements/Solid</P>
    <P Name="Path">$bdroot/UPPER_LEG_WOA_RIGID/SUPPORT_LINK1_RIGID/Solid</P>
    <P Name="SID">3363</P>
    <P Name="Type">LIBRARY_BLOCK</P>
  </ExternalFileReference>
  <ExternalFileReference>
    <P Name="Reference">sm_lib/Frames and
Transforms/Reference
Frame</P>
    <P Name="Path">$bdroot/UPPER_LEG_WOA_RIGID/SUPPORT_LINK1_RIGID1/ReferenceFrame</P>
    <P Name="SID">3366</P>
    <P Name="Type">LIBRARY_BLOCK</P>
  </ExternalFileReference>
  <ExternalFileReference>
    <P Name="Reference">sm_lib/Body Elements/Solid</P>
    <P Name="Path">$bdroot/UPPER_LEG_WOA_RIGID/SUPPORT_LINK1_RIGID1/Solid</P>
    <P Name="SID">3367</P>
    <P Name="Type">LIBRARY_BLOCK</P>
  </ExternalFileReference>
  <ExternalFileReference>
    <P Name="Reference">sm_lib/Frames and
Transforms/Rigid
Transform</P>
    <P Name="Path">$bdroot/UPPER_LEG_WOA_RIGID/Transform</P>
    <P Name="SID">3369</P>
    <P Name="Type">LIBRARY_BLOCK</P>
  </ExternalFileReference>
  <ExternalFileReference>
    <P Name="Reference">sm_lib/Frames and
Transforms/Rigid
Transform</P>
    <P Name="Path">$bdroot/UPPER_LEG_WOA_RIGID/Transform1</P>
    <P Name="SID">3370</P>
    <P Name="Type">LIBRARY_BLOCK</P>
  </ExternalFileReference>
  <ExternalFileReference>
    <P Name="Reference">sm_lib/Frames and
Transforms/Rigid
Transform</P>
    <P Name="Path">$bdroot/UPPER_LEG_WOA_RIGID/Transform10</P>
    <P Name="SID">3371</P>
    <P Name="Type">LIBRARY_BLOCK</P>
  </ExternalFileReference>
  <ExternalFileReference>
    <P Name="Reference">sm_lib/Frames and
Transforms/Rigid
Transform</P>
    <P Name="Path">$bdroot/UPPER_LEG_WOA_RIGID/Transform11</P>
    <P Name="SID">3372</P>
    <P Name="Type">LIBRARY_BLOCK</P>
  </ExternalFileReference>
  <ExternalFileReference>
    <P Name="Reference">sm_lib/Frames and
Transforms/Rigid
Transform</P>
    <P Name="Path">$bdroot/UPPER_LEG_WOA_RIGID/Transform12</P>
    <P Name="SID">3373</P>
    <P Name="Type">LIBRARY_BLOCK</P>
  </ExternalFileReference>
  <ExternalFileReference>
    <P Name="Reference">sm_lib/Frames and
Transforms/Rigid
Transform</P>
    <P Name="Path">$bdroot/UPPER_LEG_WOA_RIGID/Transform13</P>
    <P Name="SID">3374</P>
    <P Name="Type">LIBRARY_BLOCK</P>
  </ExternalFileReference>
  <ExternalFileReference>
    <P Name="Reference">sm_lib/Frames and
Transforms/Rigid
Transform</P>
    <P Name="Path">$bdroot/UPPER_LEG_WOA_RIGID/Transform2</P>
    <P Name="SID">3375</P>
    <P Name="Type">LIBRARY_BLOCK</P>
  </ExternalFileReference>
  <ExternalFileReference>
    <P Name="Reference">sm_lib/Frames and
Transforms/Rigid
Transform</P>
    <P Name="Path">$bdroot/UPPER_LEG_WOA_RIGID/Transform3</P>
    <P Name="SID">3376</P>
    <P Name="Type">LIBRARY_BLOCK</P>
  </ExternalFileReference>
  <ExternalFileReference>
    <P Name="Reference">sm_lib/Frames and
Transforms/Rigid
Transform</P>
    <P Name="Path">$bdroot/UPPER_LEG_WOA_RIGID/Transform4</P>
    <P Name="SID">3377</P>
    <P Name="Type">LIBRARY_BLOCK</P>
  </ExternalFileReference>
  <ExternalFileReference>
    <P Name="Reference">sm_lib/Frames and
Transforms/Rigid
Transform</P>
    <P Name="Path">$bdroot/UPPER_LEG_WOA_RIGID/Transform5</P>
    <P Name="SID">3378</P>
    <P Name="Type">LIBRARY_BLOCK</P>
  </ExternalFileReference>
  <ExternalFileReference>
    <P Name="Reference">sm_lib/Frames and
Transforms/Rigid
Transform</P>
    <P Name="Path">$bdroot/UPPER_LEG_WOA_RIGID/Transform6</P>
    <P Name="SID">3379</P>
    <P Name="Type">LIBRARY_BLOCK</P>
  </ExternalFileReference>
  <ExternalFileReference>
    <P Name="Reference">sm_lib/Frames and
Transforms/Rigid
Transform</P>
    <P Name="Path">$bdroot/UPPER_LEG_WOA_RIGID/Transform7</P>
    <P Name="SID">3380</P>
    <P Name="Type">LIBRARY_BLOCK</P>
  </ExternalFileReference>
  <ExternalFileReference>
    <P Name="Reference">sm_lib/Frames and
Transforms/Rigid
Transform</P>
    <P Name="Path">$bdroot/UPPER_LEG_WOA_RIGID/Transform8</P>
    <P Name="SID">3381</P>
    <P Name="Type">LIBRARY_BLOCK</P>
  </ExternalFileReference>
  <ExternalFileReference>
    <P Name="Reference">sm_lib/Frames and
Transforms/Rigid
Transform</P>
    <P Name="Path">$bdroot/UPPER_LEG_WOA_RIGID/Transform9</P>
    <P Name="SID">3382</P>
    <P Name="Type">LIBRARY_BLOCK</P>
  </ExternalFileReference>
  <ExternalFileReference>
    <P Name="Reference">sm_lib/Frames and
Transforms/Reference
Frame</P>
    <P Name="Path">$bdroot/UPPER_LEG_WOA_RIGID1/BALL_BEARING_RIGID/ReferenceFrame</P>
    <P Name="SID">3387</P>
    <P Name="Type">LIBRARY_BLOCK</P>
  </ExternalFileReference>
  <ExternalFileReference>
    <P Name="Reference">sm_lib/Body Elements/Solid</P>
    <P Name="Path">$bdroot/UPPER_LEG_WOA_RIGID1/BALL_BEARING_RIGID/Solid</P>
    <P Name="SID">3388</P>
    <P Name="Type">LIBRARY_BLOCK</P>
  </ExternalFileReference>
  <ExternalFileReference>
    <P Name="Reference">sm_lib/Frames and
Transforms/Reference
Frame</P>
    <P Name="Path">$bdroot/UPPER_LEG_WOA_RIGID1/BALL_BEARING_RIGID1/ReferenceFrame</P>
    <P Name="SID">3391</P>
    <P Name="Type">LIBRARY_BLOCK</P>
  </ExternalFileReference>
  <ExternalFileReference>
    <P Name="Reference">sm_lib/Body Elements/Solid</P>
    <P Name="Path">$bdroot/UPPER_LEG_WOA_RIGID1/BALL_BEARING_RIGID1/Solid</P>
    <P Name="SID">3392</P>
    <P Name="Type">LIBRARY_BLOCK</P>
  </ExternalFileReference>
  <ExternalFileReference>
    <P Name="Reference">sm_lib/Frames and
Transforms/Reference
Frame</P>
    <P Name="Path">$bdroot/UPPER_LEG_WOA_RIGID1/BALL_BEARING_RIGID2/ReferenceFrame</P>
    <P Name="SID">3395</P>
    <P Name="Type">LIBRARY_BLOCK</P>
  </ExternalFileReference>
  <ExternalFileReference>
    <P Name="Reference">sm_lib/Body Elements/Solid</P>
    <P Name="Path">$bdroot/UPPER_LEG_WOA_RIGID1/BALL_BEARING_RIGID2/Solid</P>
    <P Name="SID">3396</P>
    <P Name="Type">LIBRARY_BLOCK</P>
  </ExternalFileReference>
  <ExternalFileReference>
    <P Name="Reference">sm_lib/Frames and
Transforms/Reference
Frame</P>
    <P Name="Path">$bdroot/UPPER_LEG_WOA_RIGID1/BALL_BEARING_RIGID3/ReferenceFrame</P>
    <P Name="SID">3399</P>
    <P Name="Type">LIBRARY_BLOCK</P>
  </ExternalFileReference>
  <ExternalFileReference>
    <P Name="Reference">sm_lib/Body Elements/Solid</P>
    <P Name="Path">$bdroot/UPPER_LEG_WOA_RIGID1/BALL_BEARING_RIGID3/Solid</P>
    <P Name="SID">3400</P>
    <P Name="Type">LIBRARY_BLOCK</P>
  </ExternalFileReference>
  <ExternalFileReference>
    <P Name="Reference">sm_lib/Frames and
Transforms/Reference
Frame</P>
    <P Name="Path">$bdroot/UPPER_LEG_WOA_RIGID1/HIP_SHAFT1_CONNECTOR_RIGID/ReferenceFrame</P>
    <P Name="SID">3403</P>
    <P Name="Type">LIBRARY_BLOCK</P>
  </ExternalFileReference>
  <ExternalFileReference>
    <P Name="Reference">sm_lib/Body Elements/Solid</P>
    <P Name="Path">$bdroot/UPPER_LEG_WOA_RIGID1/HIP_SHAFT1_CONNECTOR_RIGID/Solid</P>
    <P Name="SID">3404</P>
    <P Name="Type">LIBRARY_BLOCK</P>
  </ExternalFileReference>
  <ExternalFileReference>
    <P Name="Reference">sm_lib/Frames and
Transforms/Reference
Frame</P>
    <P Name="Path">$bdroot/UPPER_LEG_WOA_RIGID1/HIP_SHAFT1_CONNECTOR_RIGID1/ReferenceFrame</P>
    <P Name="SID">3407</P>
    <P Name="Type">LIBRARY_BLOCK</P>
  </ExternalFileReference>
  <ExternalFileReference>
    <P Name="Reference">sm_lib/Body Elements/Solid</P>
    <P Name="Path">$bdroot/UPPER_LEG_WOA_RIGID1/HIP_SHAFT1_CONNECTOR_RIGID1/Solid</P>
    <P Name="SID">3408</P>
    <P Name="Type">LIBRARY_BLOCK</P>
  </ExternalFileReference>
  <ExternalFileReference>
    <P Name="Reference">sm_lib/Frames and
Transforms/Reference
Frame</P>
    <P Name="Path">$bdroot/UPPER_LEG_WOA_RIGID1/KNEE_SHAFT_CONNECTOR_RIGID/ReferenceFrame</P>
    <P Name="SID">3411</P>
    <P Name="Type">LIBRARY_BLOCK</P>
  </ExternalFileReference>
  <ExternalFileReference>
    <P Name="Reference">sm_lib/Body Elements/Solid</P>
    <P Name="Path">$bdroot/UPPER_LEG_WOA_RIGID1/KNEE_SHAFT_CONNECTOR_RIGID/Solid</P>
    <P Name="SID">3412</P>
    <P Name="Type">LIBRARY_BLOCK</P>
  </ExternalFileReference>
  <ExternalFileReference>
    <P Name="Reference">sm_lib/Frames and
Transforms/Reference
Frame</P>
    <P Name="Path">$bdroot/UPPER_LEG_WOA_RIGID1/KNEE_SHAFT_CONNECTOR_RIGID1/ReferenceFrame</P>
    <P Name="SID">3415</P>
    <P Name="Type">LIBRARY_BLOCK</P>
  </ExternalFileReference>
  <ExternalFileReference>
    <P Name="Reference">sm_lib/Body Elements/Solid</P>
    <P Name="Path">$bdroot/UPPER_LEG_WOA_RIGID1/KNEE_SHAFT_CONNECTOR_RIGID1/Solid</P>
    <P Name="SID">3416</P>
    <P Name="Type">LIBRARY_BLOCK</P>
  </ExternalFileReference>
  <ExternalFileReference>
    <P Name="Reference">sm_lib/Frames and
Transforms/Reference
Frame</P>
    <P Name="Path">$bdroot/UPPER_LEG_WOA_RIGID1/PRIMARY_LINK_UL_RIGID/ReferenceFrame</P>
    <P Name="SID">3419</P>
    <P Name="Type">LIBRARY_BLOCK</P>
  </ExternalFileReference>
  <ExternalFileReference>
    <P Name="Reference">sm_lib/Body Elements/Solid</P>
    <P Name="Path">$bdroot/UPPER_LEG_WOA_RIGID1/PRIMARY_LINK_UL_RIGID/Solid</P>
    <P Name="SID">3420</P>
    <P Name="Type">LIBRARY_BLOCK</P>
  </ExternalFileReference>
  <ExternalFileReference>
    <P Name="Reference">sm_lib/Frames and
Transforms/Reference
Frame</P>
    <P Name="Path">$bdroot/UPPER_LEG_WOA_RIGID1/PRIMARY_LINK_UL_RIGID1/ReferenceFrame</P>
    <P Name="SID">3423</P>
    <P Name="Type">LIBRARY_BLOCK</P>
  </ExternalFileReference>
  <ExternalFileReference>
    <P Name="Reference">sm_lib/Body Elements/Solid</P>
    <P Name="Path">$bdroot/UPPER_LEG_WOA_RIGID1/PRIMARY_LINK_UL_RIGID1/Solid</P>
    <P Name="SID">3424</P>
    <P Name="Type">LIBRARY_BLOCK</P>
  </ExternalFileReference>
  <ExternalFileReference>
    <P Name="Reference">sm_lib/Frames and
Transforms/Reference
Frame</P>
    <P Name="Path">$bdroot/UPPER_LEG_WOA_RIGID1/ReferenceFrame</P>
    <P Name="SID">3426</P>
    <P Name="Type">LIBRARY_BLOCK</P>
  </ExternalFileReference>
  <ExternalFileReference>
    <P Name="Reference">sm_lib/Frames and
Transforms/Reference
Frame</P>
    <P Name="Path">$bdroot/UPPER_LEG_WOA_RIGID1/SUPPORT_LINK1_RIGID/ReferenceFrame</P>
    <P Name="SID">3428</P>
    <P Name="Type">LIBRARY_BLOCK</P>
  </ExternalFileReference>
  <ExternalFileReference>
    <P Name="Reference">sm_lib/Body Elements/Solid</P>
    <P Name="Path">$bdroot/UPPER_LEG_WOA_RIGID1/SUPPORT_LINK1_RIGID/Solid</P>
    <P Name="SID">3429</P>
    <P Name="Type">LIBRARY_BLOCK</P>
  </ExternalFileReference>
  <ExternalFileReference>
    <P Name="Reference">sm_lib/Frames and
Transforms/Reference
Frame</P>
    <P Name="Path">$bdroot/UPPER_LEG_WOA_RIGID1/SUPPORT_LINK1_RIGID1/ReferenceFrame</P>
    <P Name="SID">3432</P>
    <P Name="Type">LIBRARY_BLOCK</P>
  </ExternalFileReference>
  <ExternalFileReference>
    <P Name="Reference">sm_lib/Body Elements/Solid</P>
    <P Name="Path">$bdroot/UPPER_LEG_WOA_RIGID1/SUPPORT_LINK1_RIGID1/Solid</P>
    <P Name="SID">3433</P>
    <P Name="Type">LIBRARY_BLOCK</P>
  </ExternalFileReference>
  <ExternalFileReference>
    <P Name="Reference">sm_lib/Frames and
Transforms/Rigid
Transform</P>
    <P Name="Path">$bdroot/UPPER_LEG_WOA_RIGID1/Transform</P>
    <P Name="SID">3435</P>
    <P Name="Type">LIBRARY_BLOCK</P>
  </ExternalFileReference>
  <ExternalFileReference>
    <P Name="Reference">sm_lib/Frames and
Transforms/Rigid
Transform</P>
    <P Name="Path">$bdroot/UPPER_LEG_WOA_RIGID1/Transform1</P>
    <P Name="SID">3436</P>
    <P Name="Type">LIBRARY_BLOCK</P>
  </ExternalFileReference>
  <ExternalFileReference>
    <P Name="Reference">sm_lib/Frames and
Transforms/Rigid
Transform</P>
    <P Name="Path">$bdroot/UPPER_LEG_WOA_RIGID1/Transform10</P>
    <P Name="SID">3437</P>
    <P Name="Type">LIBRARY_BLOCK</P>
  </ExternalFileReference>
  <ExternalFileReference>
    <P Name="Reference">sm_lib/Frames and
Transforms/Rigid
Transform</P>
    <P Name="Path">$bdroot/UPPER_LEG_WOA_RIGID1/Transform11</P>
    <P Name="SID">3438</P>
    <P Name="Type">LIBRARY_BLOCK</P>
  </ExternalFileReference>
  <ExternalFileReference>
    <P Name="Reference">sm_lib/Frames and
Transforms/Rigid
Transform</P>
    <P Name="Path">$bdroot/UPPER_LEG_WOA_RIGID1/Transform12</P>
    <P Name="SID">3439</P>
    <P Name="Type">LIBRARY_BLOCK</P>
  </ExternalFileReference>
  <ExternalFileReference>
    <P Name="Reference">sm_lib/Frames and
Transforms/Rigid
Transform</P>
    <P Name="Path">$bdroot/UPPER_LEG_WOA_RIGID1/Transform13</P>
    <P Name="SID">3440</P>
    <P Name="Type">LIBRARY_BLOCK</P>
  </ExternalFileReference>
  <ExternalFileReference>
    <P Name="Reference">sm_lib/Frames and
Transforms/Rigid
Transform</P>
    <P Name="Path">$bdroot/UPPER_LEG_WOA_RIGID1/Transform2</P>
    <P Name="SID">3441</P>
    <P Name="Type">LIBRARY_BLOCK</P>
  </ExternalFileReference>
  <ExternalFileReference>
    <P Name="Reference">sm_lib/Frames and
Transforms/Rigid
Transform</P>
    <P Name="Path">$bdroot/UPPER_LEG_WOA_RIGID1/Transform3</P>
    <P Name="SID">3442</P>
    <P Name="Type">LIBRARY_BLOCK</P>
  </ExternalFileReference>
  <ExternalFileReference>
    <P Name="Reference">sm_lib/Frames and
Transforms/Rigid
Transform</P>
    <P Name="Path">$bdroot/UPPER_LEG_WOA_RIGID1/Transform4</P>
    <P Name="SID">3443</P>
    <P Name="Type">LIBRARY_BLOCK</P>
  </ExternalFileReference>
  <ExternalFileReference>
    <P Name="Reference">sm_lib/Frames and
Transforms/Rigid
Transform</P>
    <P Name="Path">$bdroot/UPPER_LEG_WOA_RIGID1/Transform5</P>
    <P Name="SID">3444</P>
    <P Name="Type">LIBRARY_BLOCK</P>
  </ExternalFileReference>
  <ExternalFileReference>
    <P Name="Reference">sm_lib/Frames and
Transforms/Rigid
Transform</P>
    <P Name="Path">$bdroot/UPPER_LEG_WOA_RIGID1/Transform6</P>
    <P Name="SID">3445</P>
    <P Name="Type">LIBRARY_BLOCK</P>
  </ExternalFileReference>
  <ExternalFileReference>
    <P Name="Reference">sm_lib/Frames and
Transforms/Rigid
Transform</P>
    <P Name="Path">$bdroot/UPPER_LEG_WOA_RIGID1/Transform7</P>
    <P Name="SID">3446</P>
    <P Name="Type">LIBRARY_BLOCK</P>
  </ExternalFileReference>
  <ExternalFileReference>
    <P Name="Reference">sm_lib/Frames and
Transforms/Rigid
Transform</P>
    <P Name="Path">$bdroot/UPPER_LEG_WOA_RIGID1/Transform8</P>
    <P Name="SID">3447</P>
    <P Name="Type">LIBRARY_BLOCK</P>
  </ExternalFileReference>
  <ExternalFileReference>
    <P Name="Reference">sm_lib/Frames and
Transforms/Rigid
Transform</P>
    <P Name="Path">$bdroot/UPPER_LEG_WOA_RIGID1/Transform9</P>
    <P Name="SID">3448</P>
    <P Name="Type">LIBRARY_BLOCK</P>
  </ExternalFileReference>
  <ExternalFileReference>
    <P Name="Reference">sm_lib/Frames and
Transforms/World Frame</P>
    <P Name="Path">$bdroot/World</P>
    <P Name="SID">3451</P>
    <P Name="Type">LIBRARY_BLOCK</P>
  </ExternalFileReference>
  <P Name="OrderedModelArguments">1</P>
</GraphicalInterface>
